Date,Number of flights,Seven-day average,Notes
2 Jan 2019,"5,147",[x],
3 Jan 2019,"5,518",[x],
4 Jan 2019,"5,588",[x],
5 Jan 2019,"4,798",[x],
6 Jan 2019,"5,329",[x],
7 Jan 2019,"5,288",[x],
8 Jan 2019,"4,670","5,191",
9 Jan 2019,"4,702","5,128",
10 Jan 2019,"5,056","5,062",
11 Jan 2019,"5,330","5,025",
12 Jan 2019,"4,227","4,943",
13 Jan 2019,"4,848","4,874",
14 Jan 2019,"5,147","4,854",
15 Jan 2019,"4,596","4,844",
16 Jan 2019,"4,625","4,833",
17 Jan 2019,"5,068","4,834",
18 Jan 2019,"5,426","4,848",
19 Jan 2019,"4,172","4,840",
20 Jan 2019,"4,929","4,852",
21 Jan 2019,"5,167","4,855",
22 Jan 2019,"4,550","4,848",
23 Jan 2019,"4,611","4,846",
24 Jan 2019,"5,089","4,849",
25 Jan 2019,"5,444","4,852",
26 Jan 2019,"4,215","4,858",
27 Jan 2019,"4,899","4,854",
28 Jan 2019,"5,252","4,866",
29 Jan 2019,"4,638","4,878",
30 Jan 2019,"4,686","4,889",
31 Jan 2019,"5,026","4,880",
1 Feb 2019,"5,182","4,843",
2 Feb 2019,"4,362","4,864",
3 Feb 2019,"5,044","4,884",
4 Feb 2019,"5,262","4,886",
5 Feb 2019,"4,767","4,904",
6 Feb 2019,"4,867","4,930",
7 Feb 2019,"5,363","4,978",
8 Feb 2019,"5,508","5,025",
9 Feb 2019,"4,499","5,044",
10 Feb 2019,"5,098","5,052",
11 Feb 2019,"5,475","5,082",
12 Feb 2019,"5,046","5,122",
13 Feb 2019,"5,035","5,146",
14 Feb 2019,"5,548","5,173",
15 Feb 2019,"5,961","5,237",
16 Feb 2019,"5,054","5,317",
17 Feb 2019,"5,290","5,344",
18 Feb 2019,"5,529","5,352",
19 Feb 2019,"5,154","5,367",
20 Feb 2019,"5,026","5,366",
21 Feb 2019,"5,527","5,363",
22 Feb 2019,"5,611","5,313",
23 Feb 2019,"4,981","5,303",
24 Feb 2019,"5,692","5,360",
25 Feb 2019,"5,621","5,373",
26 Feb 2019,"5,200","5,380",
27 Feb 2019,"5,122","5,393",
28 Feb 2019,"5,569","5,399",
1 Mar 2019,"5,818","5,429",
2 Mar 2019,"4,657","5,383",
3 Mar 2019,"5,144","5,304",
4 Mar 2019,"5,590","5,300",
5 Mar 2019,"5,140","5,291",
6 Mar 2019,"5,112","5,290",
7 Mar 2019,"5,581","5,292",
8 Mar 2019,"5,833","5,294",
9 Mar 2019,"4,621","5,289",
10 Mar 2019,"5,184","5,294",
11 Mar 2019,"5,693","5,309",
12 Mar 2019,"5,089","5,302",
13 Mar 2019,"5,076","5,297",
14 Mar 2019,"5,583","5,297",
15 Mar 2019,"5,883","5,304",
16 Mar 2019,"4,673","5,312",
17 Mar 2019,"5,324","5,332",
18 Mar 2019,"5,693","5,332",
19 Mar 2019,"5,209","5,349",
20 Mar 2019,"5,182","5,364",
21 Mar 2019,"5,665","5,376",
22 Mar 2019,"5,891","5,377",
23 Mar 2019,"4,670","5,376",
24 Mar 2019,"5,313","5,375",
25 Mar 2019,"5,621","5,364",
26 Mar 2019,"5,233","5,368",
27 Mar 2019,"5,243","5,377",
28 Mar 2019,"5,709","5,383",
29 Mar 2019,"5,985","5,396",
30 Mar 2019,"4,788","5,413",
31 Mar 2019,"5,361","5,420",
1 Apr 2019,"6,058","5,482",
2 Apr 2019,"5,832","5,568",
3 Apr 2019,"5,915","5,664",
4 Apr 2019,"6,078","5,717",
5 Apr 2019,"6,288","5,760",
6 Apr 2019,"5,353","5,841",
7 Apr 2019,"5,710","5,891",
8 Apr 2019,"6,125","5,900",
9 Apr 2019,"5,946","5,916",
10 Apr 2019,"6,064","5,938",
11 Apr 2019,"6,198","5,955",
12 Apr 2019,"6,372","5,967",
13 Apr 2019,"5,367","5,969",
14 Apr 2019,"5,761","5,976",
15 Apr 2019,"6,119","5,975",
16 Apr 2019,"5,930","5,973",
17 Apr 2019,"5,989","5,962",
18 Apr 2019,"6,268","5,972",
19 Apr 2019,"5,859","5,899",
20 Apr 2019,"5,174","5,871",
21 Apr 2019,"5,555","5,842",
22 Apr 2019,"5,903","5,811",
23 Apr 2019,"5,999","5,821",
24 Apr 2019,"5,983","5,820",
25 Apr 2019,"6,106","5,797",
26 Apr 2019,"6,253","5,853",
27 Apr 2019,"5,172","5,853",
28 Apr 2019,"5,677","5,870",
29 Apr 2019,"6,201","5,913",
30 Apr 2019,"6,085","5,925",
1 May 2019,"6,157","5,950",
2 May 2019,"6,396","5,992",
3 May 2019,"6,677","6,052",
4 May 2019,"5,474","6,095",
5 May 2019,"5,900","6,127",
6 May 2019,"6,076","6,109",
7 May 2019,"6,373","6,150",
8 May 2019,"6,286","6,169",
9 May 2019,"6,207","6,142",
10 May 2019,"6,672","6,141",
11 May 2019,"5,601","6,159",
12 May 2019,"6,121","6,191",
13 May 2019,"6,457","6,245",
14 May 2019,"6,284","6,233",
15 May 2019,"6,331","6,239",
16 May 2019,"6,509","6,282",
17 May 2019,"6,632","6,276",
18 May 2019,"5,686","6,289",
19 May 2019,"6,007","6,272",
20 May 2019,"6,644","6,299",
21 May 2019,"6,258","6,295",
22 May 2019,"6,498","6,319",
23 May 2019,"6,702","6,347",
24 May 2019,"7,089","6,412",
25 May 2019,"6,003","6,457",
26 May 2019,"6,175","6,481",
27 May 2019,"6,445","6,453",
28 May 2019,"6,589","6,500",
29 May 2019,"6,618","6,517",
30 May 2019,"6,745","6,523",
31 May 2019,"6,970","6,506",
1 Jun 2019,"6,130","6,525",
2 Jun 2019,"6,747","6,606",
3 Jun 2019,"6,819","6,660",
4 Jun 2019,"6,654","6,669",
5 Jun 2019,"6,765","6,690",
6 Jun 2019,"6,896","6,712",
7 Jun 2019,"6,915","6,704",
8 Jun 2019,"5,978","6,682",
9 Jun 2019,"6,283","6,616",
10 Jun 2019,"6,762","6,608",
11 Jun 2019,"6,653","6,607",
12 Jun 2019,"6,608","6,585",
13 Jun 2019,"6,953","6,593",
14 Jun 2019,"7,015","6,607",
15 Jun 2019,"5,998","6,610",
16 Jun 2019,"6,445","6,633",
17 Jun 2019,"6,934","6,658",
18 Jun 2019,"6,684","6,662",
19 Jun 2019,"6,745","6,682",
20 Jun 2019,"6,995","6,688",
21 Jun 2019,"7,038","6,691",
22 Jun 2019,"5,990","6,690",
23 Jun 2019,"6,433","6,688",
24 Jun 2019,"6,833","6,674",
25 Jun 2019,"6,711","6,678",
26 Jun 2019,"6,766","6,681",
27 Jun 2019,"7,039","6,687",
28 Jun 2019,"7,010","6,683",
29 Jun 2019,"6,014","6,687",
30 Jun 2019,"6,464","6,691",
1 Jul 2019,"6,932","6,705",
2 Jul 2019,"6,749","6,711",
3 Jul 2019,"6,794","6,715",
4 Jul 2019,"7,034","6,714",
5 Jul 2019,"7,080","6,724",
6 Jul 2019,"6,118","6,739",
7 Jul 2019,"6,454","6,737",
8 Jul 2019,"6,889","6,731",
9 Jul 2019,"6,707","6,725",
10 Jul 2019,"6,704","6,712",
11 Jul 2019,"7,010","6,709",
12 Jul 2019,"7,002","6,698",
13 Jul 2019,"6,199","6,709",
14 Jul 2019,"6,555","6,724",
15 Jul 2019,"6,958","6,734",
16 Jul 2019,"6,667","6,728",
17 Jul 2019,"6,795","6,741",
18 Jul 2019,"6,972","6,735",
19 Jul 2019,"6,950","6,728",
20 Jul 2019,"6,091","6,713",
21 Jul 2019,"6,432","6,695",
22 Jul 2019,"6,836","6,678",
23 Jul 2019,"6,651","6,675",
24 Jul 2019,"6,667","6,657",
25 Jul 2019,"6,519","6,592",
26 Jul 2019,"6,807","6,572",
27 Jul 2019,"6,074","6,569",
28 Jul 2019,"6,338","6,556",
29 Jul 2019,"6,799","6,551",
30 Jul 2019,"6,639","6,549",
31 Jul 2019,"6,726","6,557",
1 Aug 2019,"6,871","6,608",
2 Aug 2019,"6,911","6,623",
3 Aug 2019,"6,134","6,631",
4 Aug 2019,"6,398","6,640",
5 Aug 2019,"6,740","6,631",
6 Aug 2019,"6,527","6,615",
7 Aug 2019,"6,454","6,576",
8 Aug 2019,"6,808","6,567",
9 Aug 2019,"6,716","6,540",
10 Aug 2019,"5,992","6,519",
11 Aug 2019,"6,422","6,523",
12 Aug 2019,"6,735","6,522",
13 Aug 2019,"6,592","6,531",
14 Aug 2019,"6,613","6,554",
15 Aug 2019,"6,786","6,551",
16 Aug 2019,"6,886","6,575",
17 Aug 2019,"6,063","6,585",
18 Aug 2019,"6,418","6,585",
19 Aug 2019,"6,783","6,592",
20 Aug 2019,"6,638","6,598",
21 Aug 2019,"6,716","6,613",
22 Aug 2019,"6,859","6,623",
23 Aug 2019,"6,955","6,633",
24 Aug 2019,"6,081","6,636",
25 Aug 2019,"6,394","6,632",
26 Aug 2019,"6,541","6,598",
27 Aug 2019,"6,710","6,608",
28 Aug 2019,"6,779","6,617",
29 Aug 2019,"6,956","6,631",
30 Aug 2019,"7,065","6,647",
31 Aug 2019,"6,201","6,664",
1 Sep 2019,"6,378","6,661",
2 Sep 2019,"6,917","6,715",
3 Sep 2019,"6,723","6,717",
4 Sep 2019,"6,723","6,709",
5 Sep 2019,"6,964","6,710",
6 Sep 2019,"6,850","6,679",
7 Sep 2019,"5,997","6,650",
8 Sep 2019,"6,507","6,669",
9 Sep 2019,"6,096","6,617",[Note 1] this note applies to C259
10 Sep 2019,"5,926","6,601",[Note 1] this note applies to C260
11 Sep 2019,"6,656","6,591",[Note 1] this note applies to C261
12 Sep 2019,"6,948","6,589",[Note 1] this note applies to C262
13 Sep 2019,"7,047","6,617",[Note 1] this note applies to C263
14 Sep 2019,"5,965","6,612",[Note 1] this note applies to C264
15 Sep 2019,"6,467","6,607",[Note 1] this note applies to C265
16 Sep 2019,"6,847","6,648",
17 Sep 2019,"6,663","6,656",
18 Sep 2019,"6,678","6,659",
19 Sep 2019,"6,920","6,655",
20 Sep 2019,"7,020","6,651",
21 Sep 2019,"5,884","6,640",
22 Sep 2019,"6,361","6,625",
23 Sep 2019,"6,793","6,617",
24 Sep 2019,"6,413","6,581",
25 Sep 2019,"6,637","6,575",
26 Sep 2019,"6,879","6,570",
27 Sep 2019,"6,472","6,491",
28 Sep 2019,"5,771","6,475",
29 Sep 2019,"6,296","6,466",
30 Sep 2019,"6,755","6,460",
1 Oct 2019,"6,154","6,423",
2 Oct 2019,"6,418","6,392",
3 Oct 2019,"6,575","6,349",
4 Oct 2019,"6,743","6,387",
5 Oct 2019,"5,520","6,352",
6 Oct 2019,"6,146","6,330",
7 Oct 2019,"6,439","6,285",
8 Oct 2019,"6,000","6,263",
9 Oct 2019,"6,044","6,210",
10 Oct 2019,"6,428","6,189",
11 Oct 2019,"6,569","6,164",
12 Oct 2019,"5,337","6,138",
13 Oct 2019,"5,938","6,108",
14 Oct 2019,"6,366","6,097",
15 Oct 2019,"6,110","6,113",
16 Oct 2019,"6,102","6,121",
17 Oct 2019,"6,393","6,116",
18 Oct 2019,"6,623","6,124",
19 Oct 2019,"5,475","6,144",
20 Oct 2019,"5,965","6,148",
21 Oct 2019,"6,388","6,151",
22 Oct 2019,"6,036","6,140",
23 Oct 2019,"6,156","6,148",
24 Oct 2019,"6,418","6,152",
25 Oct 2019,"6,431","6,124",
26 Oct 2019,"5,389","6,112",
27 Oct 2019,"5,607","6,061",
28 Oct 2019,"5,935","5,996",
29 Oct 2019,"5,563","5,928",
30 Oct 2019,"5,483","5,832",
31 Oct 2019,"5,833","5,749",
1 Nov 2019,"5,874","5,669",
2 Nov 2019,"4,674","5,567",
3 Nov 2019,"5,413","5,539",
4 Nov 2019,"5,683","5,503",
5 Nov 2019,"5,112","5,439",
6 Nov 2019,"4,902","5,356",
7 Nov 2019,"5,301","5,280",
8 Nov 2019,"5,692","5,254",
9 Nov 2019,"4,123","5,175",
10 Nov 2019,"5,099","5,130",
11 Nov 2019,"5,503","5,105",
12 Nov 2019,"4,732","5,050",
13 Nov 2019,"4,695","5,021",
14 Nov 2019,"5,289","5,019",
15 Nov 2019,"5,701","5,020",
16 Nov 2019,"4,089","5,015",
17 Nov 2019,"5,031","5,006",
18 Nov 2019,"5,423","4,994",
19 Nov 2019,"4,671","4,986",
20 Nov 2019,"4,736","4,991",
21 Nov 2019,"5,171","4,975",
22 Nov 2019,"5,650","4,967",
23 Nov 2019,"3,954","4,948",
24 Nov 2019,"4,948","4,936",
25 Nov 2019,"5,267","4,914",
26 Nov 2019,"4,679","4,915",
27 Nov 2019,"4,726","4,914",
28 Nov 2019,"5,182","4,915",
29 Nov 2019,"5,512","4,895",
30 Nov 2019,"4,004","4,903",
1 Dec 2019,"5,024","4,913",
2 Dec 2019,"5,507","4,948",
3 Dec 2019,"4,955","4,987",
4 Dec 2019,"5,054","5,034",
5 Dec 2019,"5,257","5,045",
6 Dec 2019,"5,641","5,063",
7 Dec 2019,"4,227","5,095",
8 Dec 2019,"5,070","5,102",
9 Dec 2019,"5,570","5,111",
10 Dec 2019,"4,890","5,101",
11 Dec 2019,"5,109","5,109",
12 Dec 2019,"5,464","5,139",
13 Dec 2019,"5,821","5,164",
14 Dec 2019,"4,607","5,219",
15 Dec 2019,"5,245","5,244",
16 Dec 2019,"5,579","5,245",
17 Dec 2019,"5,033","5,265",
18 Dec 2019,"5,156","5,272",
19 Dec 2019,"5,800","5,320",
20 Dec 2019,"5,933","5,336",
21 Dec 2019,"5,070","5,402",
22 Dec 2019,"5,380","5,422",
23 Dec 2019,"5,494","5,409",
24 Dec 2019,"3,883","5,245",
25 Dec 2019,"1,386","5,107",[Note 1] this note applies to C366
26 Dec 2019,"4,498","4,921",[Note 1] this note applies to C367
27 Dec 2019,"5,513","4,861",[Note 1] this note applies to C368
28 Dec 2019,"4,894","4,836",[Note 1] this note applies to C369
29 Dec 2019,"5,220","4,813",[Note 1] this note applies to C370
30 Dec 2019,"5,140","4,763",[Note 1] this note applies to C371
31 Dec 2019,"4,112","4,795",
1 Jan 2020,"3,950","4,761",
2 Jan 2020,"5,252","4,869",
3 Jan 2020,"5,536","4,872",
4 Jan 2020,"4,844","4,865",
5 Jan 2020,"5,390","4,889",
6 Jan 2020,"5,245","4,904",
7 Jan 2020,"4,630","4,978",
8 Jan 2020,"4,474","5,053",
9 Jan 2020,"4,801","4,989",
10 Jan 2020,"5,297","4,954",
11 Jan 2020,"4,199","4,862",
12 Jan 2020,"4,950","4,799",
13 Jan 2020,"4,825","4,739",
14 Jan 2020,"4,120","4,667",
15 Jan 2020,"4,362","4,651",
16 Jan 2020,"4,786","4,648",
17 Jan 2020,"5,310","4,650",
18 Jan 2020,"4,155","4,644",
19 Jan 2020,"4,990","4,650",
20 Jan 2020,"5,023","4,678",
21 Jan 2020,"4,364","4,713",
22 Jan 2020,"4,242","4,696",
23 Jan 2020,"4,886","4,710",
24 Jan 2020,"5,436","4,728",
25 Jan 2020,"4,135","4,725",
26 Jan 2020,"4,934","4,717",
27 Jan 2020,"5,031","4,718",
28 Jan 2020,"4,325","4,713",
29 Jan 2020,"4,404","4,736",
30 Jan 2020,"4,866","4,733",
31 Jan 2020,"5,414","4,730",
1 Feb 2020,"4,298","4,753",
2 Feb 2020,"4,969","4,758",
3 Feb 2020,"5,127","4,772",
4 Feb 2020,"4,524","4,800",
5 Feb 2020,"4,605","4,829",
6 Feb 2020,"5,058","4,856",
7 Feb 2020,"5,525","4,872",
8 Feb 2020,"4,410","4,888",
9 Feb 2020,"3,171","4,855",[Note 1] this note applies to C412
10 Feb 2020,"5,056","4,844",[Note 1] this note applies to C413
11 Feb 2020,"4,579","4,852",[Note 1] this note applies to C414
12 Feb 2020,"4,801","4,880",[Note 1] this note applies to C415
13 Feb 2020,"5,299","4,915",[Note 1] this note applies to C416
14 Feb 2020,"5,870","4,964",[Note 1] this note applies to C417
15 Feb 2020,"4,506","4,978",
16 Feb 2020,"4,927","5,005",
17 Feb 2020,"5,392","5,053",
18 Feb 2020,"4,958","5,108",
19 Feb 2020,"4,906","5,123",
20 Feb 2020,"5,306","5,124",
21 Feb 2020,"5,722","5,102",
22 Feb 2020,"4,845","5,151",
23 Feb 2020,"5,460","5,227",
24 Feb 2020,"5,593","5,256",
25 Feb 2020,"5,162","5,285",
26 Feb 2020,"5,050","5,305",
27 Feb 2020,"5,448","5,326",
28 Feb 2020,"5,685","5,320",
29 Feb 2020,"4,531","5,276",
1 Mar 2020,"5,266","5,248",
2 Mar 2020,"5,503","5,235",
3 Mar 2020,"5,089","5,225",
4 Mar 2020,"4,891","5,202",
5 Mar 2020,"4,995","5,137",
6 Mar 2020,"5,309","5,083",
7 Mar 2020,"4,340","5,056",
8 Mar 2020,"4,953","5,011",
9 Mar 2020,"5,175","4,965",
10 Mar 2020,"4,470","4,876",
11 Mar 2020,"4,332","4,796",
12 Mar 2020,"4,903","4,783",
13 Mar 2020,"5,158","4,762",
14 Mar 2020,"4,093","4,726",
15 Mar 2020,"4,448","4,654",
16 Mar 2020,"4,489","4,556",
17 Mar 2020,"3,575","4,428",
18 Mar 2020,"3,258","4,275",
19 Mar 2020,"3,278","4,043",
20 Mar 2020,"3,265","3,772",
21 Mar 2020,"1,926","3,463",
22 Mar 2020,"1,904","3,099",
23 Mar 2020,"1,663","2,696",
24 Mar 2020,"1,348","2,377",
25 Mar 2020,"1,071","2,065",
26 Mar 2020,"1,098","1,754",
27 Mar 2020,"1,053","1,438",
28 Mar 2020,733,"1,267",
29 Mar 2020,706,"1,096",
30 Mar 2020,658,952,
31 Mar 2020,677,857,
1 Apr 2020,680,801,
2 Apr 2020,642,736,
3 Apr 2020,667,680,
4 Apr 2020,465,642,
5 Apr 2020,462,607,
6 Apr 2020,506,586,
7 Apr 2020,564,569,
8 Apr 2020,591,557,
9 Apr 2020,563,545,
10 Apr 2020,473,518,
11 Apr 2020,341,500,
12 Apr 2020,346,483,
13 Apr 2020,353,462,
14 Apr 2020,501,453,
15 Apr 2020,563,449,
16 Apr 2020,585,452,
17 Apr 2020,553,463,
18 Apr 2020,391,470,
19 Apr 2020,399,478,
20 Apr 2020,542,505,
21 Apr 2020,530,509,
22 Apr 2020,613,516,
23 Apr 2020,602,519,
24 Apr 2020,602,526,
25 Apr 2020,417,529,
26 Apr 2020,406,530,
27 Apr 2020,561,533,
28 Apr 2020,564,538,
29 Apr 2020,642,542,
30 Apr 2020,643,548,
1 May 2020,611,549,
2 May 2020,416,549,
3 May 2020,474,559,
4 May 2020,585,562,
5 May 2020,603,568,
6 May 2020,714,578,
7 May 2020,678,583,
8 May 2020,573,578,
9 May 2020,432,580,
10 May 2020,513,585,
11 May 2020,638,593,
12 May 2020,659,601,
13 May 2020,697,599,
14 May 2020,694,601,
15 May 2020,707,620,
16 May 2020,486,628,
17 May 2020,497,625,
18 May 2020,684,632,
19 May 2020,658,632,
20 May 2020,761,641,
21 May 2020,692,641,
22 May 2020,696,639,
23 May 2020,562,650,
24 May 2020,554,658,
25 May 2020,628,650,
26 May 2020,750,663,
27 May 2020,820,672,
28 May 2020,729,677,
29 May 2020,841,698,
30 May 2020,553,696,
31 May 2020,551,696,
1 Jun 2020,714,708,
2 Jun 2020,819,718,
3 Jun 2020,891,728,
4 Jun 2020,888,751,
5 Jun 2020,939,765,
6 Jun 2020,694,785,
7 Jun 2020,728,810,
8 Jun 2020,793,822,
9 Jun 2020,772,815,
10 Jun 2020,834,807,
11 Jun 2020,780,791,
12 Jun 2020,844,778,
13 Jun 2020,555,758,
14 Jun 2020,617,742,
15 Jun 2020,863,752,
16 Jun 2020,831,761,
17 Jun 2020,884,768,
18 Jun 2020,903,785,
19 Jun 2020,933,798,
20 Jun 2020,612,806,
21 Jun 2020,731,822,
22 Jun 2020,998,842,
23 Jun 2020,950,859,
24 Jun 2020,"1,012",877,
25 Jun 2020,"1,054",899,
26 Jun 2020,"1,051",915,
27 Jun 2020,718,931,
28 Jun 2020,767,936,
29 Jun 2020,963,931,
30 Jun 2020,"1,023",941,
1 Jul 2020,"1,583","1,023",
2 Jul 2020,"1,556","1,094",
3 Jul 2020,"1,669","1,183",
4 Jul 2020,"1,337","1,271",
5 Jul 2020,"1,413","1,363",
6 Jul 2020,"1,602","1,455",
7 Jul 2020,"1,533","1,528",
8 Jul 2020,"1,606","1,531",
9 Jul 2020,"1,691","1,550",
10 Jul 2020,"1,907","1,584",
11 Jul 2020,"1,548","1,614",
12 Jul 2020,"1,594","1,640",
13 Jul 2020,"1,698","1,654",
14 Jul 2020,"1,676","1,674",
15 Jul 2020,"1,881","1,714",
16 Jul 2020,"2,115","1,774",
17 Jul 2020,"2,264","1,825",
18 Jul 2020,"1,994","1,889",
19 Jul 2020,"2,030","1,951",
20 Jul 2020,"2,138","2,014",
21 Jul 2020,"2,044","2,067",
22 Jul 2020,"2,101","2,098",
23 Jul 2020,"2,166","2,105",
24 Jul 2020,"2,419","2,127",
25 Jul 2020,"2,223","2,160",
26 Jul 2020,"2,237","2,190",
27 Jul 2020,"2,156","2,192",
28 Jul 2020,"2,066","2,195",
29 Jul 2020,"2,163","2,204",
30 Jul 2020,"2,191","2,208",
31 Jul 2020,"2,529","2,224",
1 Aug 2020,"2,816","2,308",
2 Aug 2020,"2,765","2,384",
3 Aug 2020,"2,865","2,485",
4 Aug 2020,"2,499","2,547",
5 Aug 2020,"2,578","2,606",
6 Aug 2020,"2,687","2,677",
7 Aug 2020,"2,977","2,741",
8 Aug 2020,"2,688","2,723",
9 Aug 2020,"2,775","2,724",
10 Aug 2020,"2,832","2,719",
11 Aug 2020,"2,491","2,718",
12 Aug 2020,"2,544","2,713",
13 Aug 2020,"2,566","2,696",
14 Aug 2020,"3,018","2,702",
15 Aug 2020,"2,702","2,704",
16 Aug 2020,"2,779","2,705",
17 Aug 2020,"2,780","2,697",
18 Aug 2020,"2,502","2,699",
19 Aug 2020,"2,621","2,710",
20 Aug 2020,"2,712","2,731",
21 Aug 2020,"2,963","2,723",
22 Aug 2020,"2,726","2,726",
23 Aug 2020,"2,831","2,734",
24 Aug 2020,"2,922","2,754",
25 Aug 2020,"2,513","2,755",
26 Aug 2020,"2,694","2,766",
27 Aug 2020,"2,800","2,778",
28 Aug 2020,"3,154","2,806",
29 Aug 2020,"2,813","2,818",
30 Aug 2020,"2,954","2,836",
31 Aug 2020,"3,008","2,848",
1 Sep 2020,"2,702","2,875",
2 Sep 2020,"2,576","2,858",
3 Sep 2020,"2,726","2,848",
4 Sep 2020,"3,053","2,833",
5 Sep 2020,"2,608","2,804",
6 Sep 2020,"2,827","2,786",
7 Sep 2020,"2,758","2,750",
8 Sep 2020,"2,444","2,713",
9 Sep 2020,"2,508","2,703",
10 Sep 2020,"2,653","2,693",
11 Sep 2020,"3,112","2,701",
12 Sep 2020,"2,513","2,688",
13 Sep 2020,"2,778","2,681",
14 Sep 2020,"2,754","2,680",
15 Sep 2020,"2,437","2,679",
16 Sep 2020,"2,481","2,675",
17 Sep 2020,"2,689","2,681",
18 Sep 2020,"3,068","2,674",
19 Sep 2020,"2,454","2,666",
20 Sep 2020,"2,771","2,665",
21 Sep 2020,"2,716","2,659",
22 Sep 2020,"2,373","2,650",
23 Sep 2020,"2,409","2,640",
24 Sep 2020,"2,595","2,627",
25 Sep 2020,"2,979","2,614",
26 Sep 2020,"2,433","2,611",
27 Sep 2020,"2,693","2,600",
28 Sep 2020,"2,688","2,596",
29 Sep 2020,"2,330","2,590",
30 Sep 2020,"2,308","2,575",
1 Oct 2020,"2,357","2,541",
2 Oct 2020,"2,787","2,514",
3 Oct 2020,"2,255","2,488",
4 Oct 2020,"2,430","2,451",
5 Oct 2020,"2,459","2,418",
6 Oct 2020,"2,096","2,385",
7 Oct 2020,"2,137","2,360",
8 Oct 2020,"2,308","2,353",
9 Oct 2020,"2,689","2,339",
10 Oct 2020,"2,127","2,321",
11 Oct 2020,"2,315","2,304",
12 Oct 2020,"2,284","2,279",
13 Oct 2020,"1,902","2,252",
14 Oct 2020,"1,984","2,230",
15 Oct 2020,"2,144","2,206",
16 Oct 2020,"2,663","2,203",
17 Oct 2020,"2,166","2,208",
18 Oct 2020,"2,231","2,196",
19 Oct 2020,"2,109","2,171",
20 Oct 2020,"1,767","2,152",
21 Oct 2020,"1,834","2,131",
22 Oct 2020,"2,022","2,113",
23 Oct 2020,"2,408","2,077",
24 Oct 2020,"2,028","2,057",
25 Oct 2020,"2,238","2,058",
26 Oct 2020,"2,148","2,064",
27 Oct 2020,"1,753","2,062",
28 Oct 2020,"1,833","2,061",
29 Oct 2020,"2,028","2,062",
30 Oct 2020,"2,497","2,075",
31 Oct 2020,"2,021","2,074",
1 Nov 2020,"2,259","2,077",
2 Nov 2020,"2,034","2,061",
3 Nov 2020,"1,716","2,055",
4 Nov 2020,"1,825","2,054",
5 Nov 2020,"1,649","2,000",
6 Nov 2020,"1,954","1,923",
7 Nov 2020,"1,403","1,834",
8 Nov 2020,"1,536","1,731",
9 Nov 2020,"1,440","1,646",
10 Nov 2020,"1,239","1,578",
11 Nov 2020,"1,245","1,495",
12 Nov 2020,"1,337","1,451",
13 Nov 2020,"1,531","1,390",
14 Nov 2020,983,"1,330",
15 Nov 2020,"1,164","1,277",
16 Nov 2020,"1,277","1,254",
17 Nov 2020,"1,104","1,234",
18 Nov 2020,"1,092","1,213",
19 Nov 2020,"1,246","1,200",
20 Nov 2020,"1,286","1,165",
21 Nov 2020,889,"1,151",
22 Nov 2020,"1,005","1,128",
23 Nov 2020,"1,146","1,110",
24 Nov 2020,"1,071","1,105",
25 Nov 2020,"1,125","1,110",
26 Nov 2020,"1,160","1,097",
27 Nov 2020,"1,238","1,091",
28 Nov 2020,885,"1,090",
29 Nov 2020,"1,013","1,091",
30 Nov 2020,"1,158","1,093",
1 Dec 2020,"1,160","1,106",
2 Dec 2020,"1,276","1,127",
3 Dec 2020,"1,374","1,158",
4 Dec 2020,"1,602","1,210",
5 Dec 2020,"1,168","1,250",
6 Dec 2020,"1,299","1,291",
7 Dec 2020,"1,349","1,318",
8 Dec 2020,"1,333","1,343",
9 Dec 2020,"1,455","1,369",
10 Dec 2020,"1,648","1,408",
11 Dec 2020,"1,892","1,449",
12 Dec 2020,"1,450","1,489",
13 Dec 2020,"1,559","1,527",
14 Dec 2020,"1,582","1,560",
15 Dec 2020,"1,553","1,591",
16 Dec 2020,"1,591","1,611",
17 Dec 2020,"2,196","1,689",
18 Dec 2020,"2,481","1,773",
19 Dec 2020,"2,209","1,882",
20 Dec 2020,"2,256","1,981",
21 Dec 2020,"1,828","2,016",
22 Dec 2020,"1,508","2,010",
23 Dec 2020,"1,684","2,023",
24 Dec 2020,"1,231","1,885",
25 Dec 2020,364,"1,685",[Note 1] this note applies to C732
26 Dec 2020,926,"1,502",[Note 1] this note applies to C733
27 Dec 2020,"1,337","1,370",[Note 1] this note applies to C734
28 Dec 2020,"1,258","1,289",[Note 1] this note applies to C735
29 Dec 2020,"1,233","1,250",[Note 1] this note applies to C736
30 Dec 2020,"1,359","1,203",[Note 1] this note applies to C737
31 Dec 2020,952,"1,163",
1 Jan 2021,753,"1,117",
2 Jan 2021,"1,412","1,186",
3 Jan 2021,"1,724","1,242",
4 Jan 2021,"1,571","1,286",
5 Jan 2021,"1,329","1,300",
6 Jan 2021,"1,260","1,286",
7 Jan 2021,"1,263","1,330",
8 Jan 2021,"1,464","1,432",
9 Jan 2021,"1,195","1,401",
10 Jan 2021,"1,336","1,345",
11 Jan 2021,"1,056","1,272",
12 Jan 2021,975,"1,221",
13 Jan 2021,980,"1,181",
14 Jan 2021,"1,080","1,155",
15 Jan 2021,"1,173","1,114",
16 Jan 2021,807,"1,058",
17 Jan 2021,909,997,
18 Jan 2021,934,980,
19 Jan 2021,876,966,
20 Jan 2021,834,945,
21 Jan 2021,923,922,
22 Jan 2021,"1,073",908,
23 Jan 2021,696,892,
24 Jan 2021,752,870,
25 Jan 2021,852,858,
26 Jan 2021,839,853,
27 Jan 2021,860,856,
28 Jan 2021,929,857,
29 Jan 2021,983,844,
30 Jan 2021,759,853,
31 Jan 2021,812,862,
1 Feb 2021,848,861,
2 Feb 2021,825,859,
3 Feb 2021,871,861,
4 Feb 2021,908,858,
5 Feb 2021,"1,032",865,
6 Feb 2021,742,863,
7 Feb 2021,743,853,
8 Feb 2021,796,845,
9 Feb 2021,740,833,
10 Feb 2021,926,841,
11 Feb 2021,981,851,
12 Feb 2021,"1,058",855,
13 Feb 2021,771,859,
14 Feb 2021,772,863,
15 Feb 2021,892,877,
16 Feb 2021,798,885,
17 Feb 2021,862,876,
18 Feb 2021,974,875,
19 Feb 2021,976,864,
20 Feb 2021,700,853,
21 Feb 2021,835,862,
22 Feb 2021,885,861,
23 Feb 2021,796,861,
24 Feb 2021,929,871,
25 Feb 2021,"1,015",877,
26 Feb 2021,"1,059",888,
27 Feb 2021,768,898,
28 Feb 2021,879,904,
1 Mar 2021,944,913,
2 Mar 2021,904,928,
3 Mar 2021,977,935,
4 Mar 2021,"1,068",943,
5 Mar 2021,"1,092",947,
6 Mar 2021,743,944,
7 Mar 2021,864,942,
8 Mar 2021,937,941,
9 Mar 2021,913,942,
10 Mar 2021,953,939,
11 Mar 2021,976,925,
12 Mar 2021,"1,096",926,
13 Mar 2021,714,922,
14 Mar 2021,895,926,
15 Mar 2021,959,929,
16 Mar 2021,947,934,
17 Mar 2021,"1,068",951,
18 Mar 2021,"1,070",964,
19 Mar 2021,"1,209",980,
20 Mar 2021,799,992,
21 Mar 2021,927,997,
22 Mar 2021,985,"1,001",
23 Mar 2021,910,995,
24 Mar 2021,980,983,
25 Mar 2021,"1,116",989,
26 Mar 2021,"1,282","1,000",
27 Mar 2021,848,"1,007",
28 Mar 2021,980,"1,014",
29 Mar 2021,"1,081","1,028",
30 Mar 2021,977,"1,038",
31 Mar 2021,"1,193","1,068",
1 Apr 2021,"1,324","1,098",
2 Apr 2021,"1,177","1,083",
3 Apr 2021,834,"1,081",
4 Apr 2021,891,"1,068",
5 Apr 2021,926,"1,046",
6 Apr 2021,953,"1,043",
7 Apr 2021,"1,179","1,041",
8 Apr 2021,"1,207","1,024",
9 Apr 2021,"1,274","1,038",
10 Apr 2021,948,"1,054",
11 Apr 2021,"1,071","1,080",
12 Apr 2021,"1,160","1,113",
13 Apr 2021,"1,076","1,131",
14 Apr 2021,"1,145","1,126",
15 Apr 2021,"1,216","1,127",
16 Apr 2021,"1,287","1,129",
17 Apr 2021,871,"1,118",
18 Apr 2021,"1,134","1,127",
19 Apr 2021,"1,175","1,129",
20 Apr 2021,"1,041","1,124",
21 Apr 2021,"1,124","1,121",
22 Apr 2021,"1,196","1,118",
23 Apr 2021,"1,287","1,118",
24 Apr 2021,873,"1,119",
25 Apr 2021,982,"1,097",
26 Apr 2021,"1,152","1,094",
27 Apr 2021,"1,058","1,096",
28 Apr 2021,"1,132","1,097",
29 Apr 2021,"1,249","1,105",
30 Apr 2021,"1,395","1,120",
1 May 2021,958,"1,132",
2 May 2021,"1,032","1,139",
3 May 2021,"1,113","1,134",
4 May 2021,"1,094","1,139",
5 May 2021,"1,162","1,143",
6 May 2021,"1,229","1,140",
7 May 2021,"1,422","1,144",
8 May 2021,851,"1,129",
9 May 2021,"1,122","1,142",
10 May 2021,"1,300","1,169",
11 May 2021,"1,105","1,170",
12 May 2021,"1,166","1,171",
13 May 2021,"1,274","1,177",
14 May 2021,"1,355","1,168",
15 May 2021,899,"1,174",
16 May 2021,"1,080","1,168",
17 May 2021,"1,493","1,196",
18 May 2021,"1,252","1,217",
19 May 2021,"1,391","1,249",
20 May 2021,"1,496","1,281",
21 May 2021,"1,692","1,329",
22 May 2021,"1,241","1,378",
23 May 2021,"1,430","1,428",
24 May 2021,"1,600","1,443",
25 May 2021,"1,347","1,457",
26 May 2021,"1,521","1,475",
27 May 2021,"1,748","1,511",
28 May 2021,"2,236","1,589",
29 May 2021,"1,771","1,665",
30 May 2021,"1,706","1,704",
31 May 2021,"1,518","1,692",
1 Jun 2021,"1,845","1,764",
2 Jun 2021,"1,818","1,806",
3 Jun 2021,"1,930","1,832",
4 Jun 2021,"2,252","1,834",
5 Jun 2021,"1,942","1,859",
6 Jun 2021,"2,132","1,920",
7 Jun 2021,"2,024","1,992",
8 Jun 2021,"1,666","1,966",
9 Jun 2021,"1,776","1,960",
10 Jun 2021,"1,833","1,946",
11 Jun 2021,"2,124","1,928",
12 Jun 2021,"1,593","1,878",
13 Jun 2021,"1,828","1,835",
14 Jun 2021,"1,911","1,819",
15 Jun 2021,"1,703","1,824",
16 Jun 2021,"1,855","1,835",
17 Jun 2021,"2,030","1,863",
18 Jun 2021,"2,217","1,877",
19 Jun 2021,"1,735","1,897",
20 Jun 2021,"1,993","1,921",
21 Jun 2021,"1,955","1,927",
22 Jun 2021,"1,815","1,943",
23 Jun 2021,"1,868","1,945",
24 Jun 2021,"2,012","1,942",
25 Jun 2021,"2,287","1,952",
26 Jun 2021,"1,857","1,970",
27 Jun 2021,"1,999","1,970",
28 Jun 2021,"2,095","1,990",
29 Jun 2021,"1,837","1,994",
30 Jun 2021,"2,006","2,013",
1 Jul 2021,"2,240","2,046",
2 Jul 2021,"2,483","2,074",
3 Jul 2021,"2,080","2,106",
4 Jul 2021,"2,139","2,126",
5 Jul 2021,"2,301","2,155",
6 Jul 2021,"2,040","2,184",
7 Jul 2021,"2,140","2,203",
8 Jul 2021,"2,336","2,217",
9 Jul 2021,"2,691","2,247",
10 Jul 2021,"2,346","2,285",
11 Jul 2021,"2,292","2,307",
12 Jul 2021,"2,453","2,328",
13 Jul 2021,"2,140","2,343",
14 Jul 2021,"2,143","2,343",
15 Jul 2021,"2,313","2,340",
16 Jul 2021,"2,895","2,369",
17 Jul 2021,"2,639","2,411",
18 Jul 2021,"2,611","2,456",
19 Jul 2021,"2,889","2,519",
20 Jul 2021,"2,623","2,588",
21 Jul 2021,"2,592","2,652",
22 Jul 2021,"2,857","2,729",
23 Jul 2021,"3,306","2,788",
24 Jul 2021,"2,939","2,831",
25 Jul 2021,"2,936","2,877",
26 Jul 2021,"2,923","2,882",
27 Jul 2021,"2,623","2,882",
28 Jul 2021,"2,696","2,897",
29 Jul 2021,"2,832","2,894",
30 Jul 2021,"3,271","2,889",
31 Jul 2021,"3,056","2,905",
1 Aug 2021,"3,104","2,929",
2 Aug 2021,"3,181","2,966",
3 Aug 2021,"2,935","3,011",
4 Aug 2021,"2,952","3,047",
5 Aug 2021,"3,048","3,078",
6 Aug 2021,"3,332","3,087",
7 Aug 2021,"3,135","3,098",
8 Aug 2021,"3,192","3,111",
9 Aug 2021,"3,118","3,102",
10 Aug 2021,"2,896","3,096",
11 Aug 2021,"3,019","3,106",
12 Aug 2021,"3,115","3,115",
13 Aug 2021,"3,422","3,128",
14 Aug 2021,"3,224","3,141",
15 Aug 2021,"3,197","3,142",
16 Aug 2021,"3,284","3,165",
17 Aug 2021,"2,967","3,175",
18 Aug 2021,"3,114","3,189",
19 Aug 2021,"3,204","3,202",
20 Aug 2021,"3,602","3,227",
21 Aug 2021,"3,230","3,228",
22 Aug 2021,"3,392","3,256",
23 Aug 2021,"3,404","3,273",
24 Aug 2021,"3,112","3,294",
25 Aug 2021,"3,299","3,320",
26 Aug 2021,"3,369","3,344",
27 Aug 2021,"3,687","3,356",
28 Aug 2021,"3,417","3,383",
29 Aug 2021,"3,547","3,405",
30 Aug 2021,"3,569","3,429",
31 Aug 2021,"3,395","3,469",
1 Sep 2021,"3,477","3,494",
2 Sep 2021,"3,556","3,521",
3 Sep 2021,"3,858","3,546",
4 Sep 2021,"3,462","3,552",
5 Sep 2021,"3,805","3,589",
6 Sep 2021,"3,706","3,608",
7 Sep 2021,"3,299","3,595",
8 Sep 2021,"3,373","3,580",
9 Sep 2021,"3,594","3,585",
10 Sep 2021,"3,934","3,596",
11 Sep 2021,"3,426","3,591",
12 Sep 2021,"3,721","3,579",
13 Sep 2021,"3,768","3,588",
14 Sep 2021,"3,244","3,580",
15 Sep 2021,"3,461","3,593",
16 Sep 2021,"3,551","3,586",
17 Sep 2021,"3,992","3,595",
18 Sep 2021,"3,371","3,587",
19 Sep 2021,"3,766","3,593",
20 Sep 2021,"3,749","3,591",
21 Sep 2021,"3,308","3,600",
22 Sep 2021,"3,404","3,592",
23 Sep 2021,"3,687","3,611",
24 Sep 2021,"3,977","3,609",
25 Sep 2021,"3,409","3,614",
26 Sep 2021,"3,726","3,609",
27 Sep 2021,"3,716","3,604",
28 Sep 2021,"3,192","3,587",
29 Sep 2021,"3,394","3,586",
30 Sep 2021,"3,534","3,564",
1 Oct 2021,"4,061","3,576",
2 Oct 2021,"3,290","3,559",
3 Oct 2021,"3,748","3,562",
4 Oct 2021,"3,779","3,571",
5 Oct 2021,"3,201","3,572",
6 Oct 2021,"3,364","3,568",
7 Oct 2021,"3,570","3,573",
8 Oct 2021,"4,083","3,576",
9 Oct 2021,"3,279","3,575",
10 Oct 2021,"3,662","3,563",
11 Oct 2021,"3,736","3,556",
12 Oct 2021,"3,276","3,567",
13 Oct 2021,"3,379","3,569",
14 Oct 2021,"3,630","3,578",
15 Oct 2021,"4,115","3,582",
16 Oct 2021,"3,495","3,613",
17 Oct 2021,"3,744","3,625",
18 Oct 2021,"3,715","3,622",
19 Oct 2021,"3,216","3,613",
20 Oct 2021,"3,382","3,614",
21 Oct 2021,"3,685","3,622",
22 Oct 2021,"4,251","3,641",
23 Oct 2021,"3,530","3,646",
24 Oct 2021,"3,799","3,654",
25 Oct 2021,"3,738","3,657",
26 Oct 2021,"3,218","3,658",
27 Oct 2021,"3,449","3,667",
28 Oct 2021,"3,590","3,654",
29 Oct 2021,"4,106","3,633",
30 Oct 2021,"3,561","3,637",
31 Oct 2021,"4,001","3,666",
1 Nov 2021,"3,823","3,678",
2 Nov 2021,"3,273","3,686",
3 Nov 2021,"3,295","3,664",
4 Nov 2021,"3,515","3,653",
5 Nov 2021,"3,861","3,618",
6 Nov 2021,"2,952","3,531",
7 Nov 2021,"3,484","3,458",
8 Nov 2021,"3,524","3,415",
9 Nov 2021,"3,079","3,387",
10 Nov 2021,"3,097","3,359",
11 Nov 2021,"3,376","3,339",
12 Nov 2021,"3,744","3,322",
13 Nov 2021,"2,755","3,294",
14 Nov 2021,"3,414","3,284",
15 Nov 2021,"3,517","3,283",
16 Nov 2021,"3,084","3,284",
17 Nov 2021,"3,072","3,280",
18 Nov 2021,"3,306","3,270",
19 Nov 2021,"3,768","3,274",
20 Nov 2021,"2,803","3,281",
21 Nov 2021,"3,323","3,268",
22 Nov 2021,"3,475","3,262",
23 Nov 2021,"3,022","3,253",
24 Nov 2021,"3,051","3,250",
25 Nov 2021,"3,409","3,264",
26 Nov 2021,"3,546","3,233",
27 Nov 2021,"2,604","3,204",
28 Nov 2021,"3,259","3,195",
29 Nov 2021,"3,555","3,207",
30 Nov 2021,"2,953","3,197",
1 Dec 2021,"3,025","3,193",
2 Dec 2021,"3,367","3,187",
3 Dec 2021,"3,622","3,198",
4 Dec 2021,"2,812","3,228",
5 Dec 2021,"3,291","3,232",
6 Dec 2021,"3,477","3,221",
7 Dec 2021,"2,765","3,194",
8 Dec 2021,"3,051","3,198",
9 Dec 2021,"3,348","3,195",
10 Dec 2021,"3,888","3,233",
11 Dec 2021,"3,067","3,270",
12 Dec 2021,"3,512","3,301",
13 Dec 2021,"3,655","3,327",
14 Dec 2021,"3,291","3,402",
15 Dec 2021,"3,504","3,466",
16 Dec 2021,"3,848","3,538",
17 Dec 2021,"4,446","3,618",
18 Dec 2021,"3,467","3,675",
19 Dec 2021,"3,709","3,703",
20 Dec 2021,"4,021","3,755",
21 Dec 2021,"3,581","3,797",
22 Dec 2021,"3,667","3,820",
23 Dec 2021,"3,767","3,808",
24 Dec 2021,"2,849","3,580",
25 Dec 2021,934,"3,512",[Note 1] this note applies to C1097
26 Dec 2021,"3,135","3,430",[Note 1] this note applies to C1098
27 Dec 2021,"3,568","3,366",[Note 1] this note applies to C1099
28 Dec 2021,"3,238","3,317",[Note 1] this note applies to C1100
29 Dec 2021,"3,224","3,253",[Note 1] this note applies to C1101
30 Dec 2021,"3,358","3,195",[Note 1] this note applies to C1102
31 Dec 2021,"2,904","3,203",
1 Jan 2022,"2,501","3,133",
2 Jan 2022,"3,685","3,211",
3 Jan 2022,"3,745","3,236",
4 Jan 2022,"3,313","3,247",
5 Jan 2022,"3,166","3,239",
6 Jan 2022,"3,113","3,204",
7 Jan 2022,"3,483","3,287",
8 Jan 2022,"3,016","3,360",
9 Jan 2022,"3,465","3,329",
10 Jan 2022,"2,588","3,163",
11 Jan 2022,"2,187","3,003",
12 Jan 2022,"2,153","2,858",
13 Jan 2022,"2,427","2,760",
14 Jan 2022,"2,752","2,655",
15 Jan 2022,"2,312","2,555",
16 Jan 2022,"2,681","2,443",
17 Jan 2022,"2,410","2,417",
18 Jan 2022,"2,037","2,396",
19 Jan 2022,"2,084","2,386",
20 Jan 2022,"2,408","2,383",
21 Jan 2022,"2,801","2,390",
22 Jan 2022,"2,361","2,397",
23 Jan 2022,"2,697","2,400",
24 Jan 2022,"2,397","2,398",
25 Jan 2022,"2,040","2,398",
26 Jan 2022,"2,093","2,400",
27 Jan 2022,"2,413","2,400",
28 Jan 2022,"2,769","2,396",
29 Jan 2022,"2,261","2,381",
30 Jan 2022,"2,670","2,378",
31 Jan 2022,"2,429","2,382",
1 Feb 2022,"2,434","2,438",
2 Feb 2022,"2,580","2,508",
3 Feb 2022,"2,848","2,570",
4 Feb 2022,"3,238","2,637",
5 Feb 2022,"2,762","2,709",
6 Feb 2022,"3,214","2,786",
7 Feb 2022,"3,037","2,873",
8 Feb 2022,"2,638","2,902",
9 Feb 2022,"2,668","2,915",
10 Feb 2022,"3,325","2,983",
11 Feb 2022,"3,989","3,090",
12 Feb 2022,"3,602","3,210",
13 Feb 2022,"3,537","3,257",
14 Feb 2022,"3,422","3,312",
15 Feb 2022,"2,960","3,358",
16 Feb 2022,"2,879","3,388",
17 Feb 2022,"3,389","3,397",
18 Feb 2022,"2,902","3,242",
19 Feb 2022,"3,819","3,273",
20 Feb 2022,"3,743","3,302",
21 Feb 2022,"3,383","3,296",
22 Feb 2022,"3,083","3,314",
23 Feb 2022,"3,066","3,341",
24 Feb 2022,"3,421","3,345",
25 Feb 2022,"3,863","3,483",
26 Feb 2022,"3,202","3,394",
27 Feb 2022,"3,754","3,396",
28 Feb 2022,"3,659","3,435",
1 Mar 2022,"3,243","3,458",
2 Mar 2022,"3,338","3,497",
3 Mar 2022,"3,641","3,529",
4 Mar 2022,"4,074","3,559",
5 Mar 2022,"3,437","3,592",
6 Mar 2022,"3,805","3,600",
7 Mar 2022,"3,793","3,619",
8 Mar 2022,"3,400","3,641",
9 Mar 2022,"3,367","3,645",
10 Mar 2022,"3,807","3,669",
11 Mar 2022,"4,111","3,674",
12 Mar 2022,"3,453","3,677",
13 Mar 2022,"3,921","3,693",
14 Mar 2022,"3,883","3,706",
15 Mar 2022,"3,516","3,723",
16 Mar 2022,"3,501","3,742",
17 Mar 2022,"3,842","3,747",
18 Mar 2022,"4,239","3,765",
19 Mar 2022,"3,550","3,779",
20 Mar 2022,"3,913","3,778",
21 Mar 2022,"3,908","3,781",
22 Mar 2022,"3,473","3,775",
23 Mar 2022,"3,553","3,783",
24 Mar 2022,"3,813","3,778",
25 Mar 2022,"4,227","3,777",
26 Mar 2022,"3,573","3,780",
27 Mar 2022,"4,390","3,848",
28 Mar 2022,"4,748","3,968",
29 Mar 2022,"4,578","4,126",
30 Mar 2022,"4,397","4,247",
31 Mar 2022,"4,616","4,361",
1 Apr 2022,"4,916","4,460",
2 Apr 2022,"4,337","4,569",
3 Apr 2022,"4,524","4,588",
4 Apr 2022,"4,835","4,600",
5 Apr 2022,"4,582","4,601",
6 Apr 2022,"4,761","4,653",
7 Apr 2022,"4,874","4,690",
8 Apr 2022,"5,095","4,715",
9 Apr 2022,"4,518","4,741",
10 Apr 2022,"4,718","4,769",
11 Apr 2022,"4,956","4,786",
12 Apr 2022,"4,791","4,816",
13 Apr 2022,"4,752","4,815",
14 Apr 2022,"5,042","4,839",
15 Apr 2022,"4,895","4,810",
16 Apr 2022,"4,309","4,780",
17 Apr 2022,"4,550","4,756",
18 Apr 2022,"4,929","4,753",
19 Apr 2022,"4,920","4,771",
20 Apr 2022,"4,845","4,784",
21 Apr 2022,"4,894","4,763",
22 Apr 2022,"5,119","4,795",
23 Apr 2022,"4,266","4,789",
24 Apr 2022,"4,737","4,816",
25 Apr 2022,"4,956","4,820",
26 Apr 2022,"4,854","4,810",
27 Apr 2022,"4,830","4,808",
28 Apr 2022,"5,060","4,832",
29 Apr 2022,"5,351","4,865",
30 Apr 2022,"4,451","4,891",
1 May 2022,"4,870","4,910",
2 May 2022,"5,274","4,956",
3 May 2022,"5,131","4,995",
4 May 2022,"5,098","5,034",
5 May 2022,"5,388","5,080",
6 May 2022,"5,575","5,112",
7 May 2022,"4,675","5,144",
8 May 2022,"5,148","5,184",
9 May 2022,"5,402","5,202",
10 May 2022,"5,193","5,211",
11 May 2022,"5,227","5,230",
12 May 2022,"5,428","5,235",
13 May 2022,"5,636","5,244",
14 May 2022,"4,851","5,269",
15 May 2022,"5,169","5,272",
16 May 2022,"5,417","5,274",
17 May 2022,"5,294","5,289",
18 May 2022,"5,315","5,301",
19 May 2022,"5,540","5,317",
20 May 2022,"5,610","5,314",
21 May 2022,"4,929","5,325",
22 May 2022,"5,309","5,345",
23 May 2022,"5,572","5,367",
24 May 2022,"5,383","5,380",
25 May 2022,"5,530","5,410",
26 May 2022,"5,724","5,437",
27 May 2022,"6,130","5,511",
28 May 2022,"5,387","5,576",
29 May 2022,"5,446","5,596",
30 May 2022,"5,826","5,632",
31 May 2022,"5,522","5,652",
1 Jun 2022,"5,723","5,680",
2 Jun 2022,"5,635","5,667",
3 Jun 2022,"5,612","5,593",
4 Jun 2022,"5,177","5,563",
5 Jun 2022,"5,679","5,596",
6 Jun 2022,"5,970","5,617",
7 Jun 2022,"5,699","5,642",
8 Jun 2022,"5,609","5,626",
9 Jun 2022,"5,882","5,661",
10 Jun 2022,"5,989","5,715",
11 Jun 2022,"5,205","5,719",
12 Jun 2022,"5,570","5,703",
13 Jun 2022,"5,913","5,695",
14 Jun 2022,"5,726","5,699",
15 Jun 2022,"5,737","5,717",
16 Jun 2022,"5,861","5,714",
17 Jun 2022,"5,898","5,701",
18 Jun 2022,"5,098","5,686",
19 Jun 2022,"5,536","5,681",
20 Jun 2022,"5,791","5,664",
21 Jun 2022,"5,732","5,665",
22 Jun 2022,"5,669","5,655",
23 Jun 2022,"5,792","5,645",
24 Jun 2022,"5,907","5,646",
25 Jun 2022,"5,144","5,653",
26 Jun 2022,"5,484","5,646",
27 Jun 2022,"5,838","5,652",
28 Jun 2022,"5,724","5,651",
29 Jun 2022,"5,761","5,664",
30 Jun 2022,"5,716","5,653",
1 Jul 2022,"6,028","5,671",
2 Jul 2022,"5,259","5,687",
3 Jul 2022,"5,586","5,702",
4 Jul 2022,"5,883","5,708",
5 Jul 2022,"5,733","5,709",
6 Jul 2022,"5,823","5,718",
7 Jul 2022,"5,907","5,746",
8 Jul 2022,"6,084","5,754",
9 Jul 2022,"5,423","5,777",
10 Jul 2022,"5,608","5,780",
11 Jul 2022,"5,848","5,775",
12 Jul 2022,"5,752","5,778",
13 Jul 2022,"5,762","5,769",
14 Jul 2022,"5,845","5,760",
15 Jul 2022,"5,966","5,743",
16 Jul 2022,"5,388","5,738",
17 Jul 2022,"5,552","5,730",
18 Jul 2022,"5,827","5,727",
19 Jul 2022,"5,616","5,708",
20 Jul 2022,"5,666","5,694",
21 Jul 2022,"5,819","5,691",
22 Jul 2022,"5,985","5,693",
23 Jul 2022,"5,375","5,691",
24 Jul 2022,"5,497","5,684",
25 Jul 2022,"5,725","5,669",
26 Jul 2022,"5,598","5,666",
27 Jul 2022,"5,527","5,647",
28 Jul 2022,"5,702","5,630",
29 Jul 2022,"5,890","5,616",
30 Jul 2022,"5,371","5,616",
31 Jul 2022,"5,490","5,615",
1 Aug 2022,"5,735","5,616",
2 Aug 2022,"5,562","5,611",
3 Aug 2022,"5,564","5,616",
4 Aug 2022,"5,608","5,603",
5 Aug 2022,"5,801","5,590",
6 Aug 2022,"5,306","5,581",
7 Aug 2022,"5,443","5,574",
8 Aug 2022,"5,662","5,564",
9 Aug 2022,"5,517","5,557",
10 Aug 2022,"5,521","5,551",
11 Aug 2022,"5,635","5,555",
12 Aug 2022,"5,769","5,550",
13 Aug 2022,"5,244","5,542",
14 Aug 2022,"5,448","5,542",
15 Aug 2022,"5,637","5,539",
16 Aug 2022,"5,612","5,552",
17 Aug 2022,"5,350","5,528",
18 Aug 2022,"5,640","5,529",
19 Aug 2022,"5,826","5,537",
20 Aug 2022,"5,303","5,545",
21 Aug 2022,"5,449","5,545",
22 Aug 2022,"5,702","5,555",
23 Aug 2022,"5,490","5,537",
24 Aug 2022,"5,675","5,584",
25 Aug 2022,"5,720","5,595",
26 Aug 2022,"5,921","5,609",
27 Aug 2022,"5,276","5,605",
28 Aug 2022,"5,545","5,618",
29 Aug 2022,"5,696","5,618",
30 Aug 2022,"5,773","5,658",
31 Aug 2022,"5,715","5,664",
1 Sep 2022,"5,881","5,687",
2 Sep 2022,"5,945","5,690",
3 Sep 2022,"5,343","5,700",
4 Sep 2022,"5,606","5,708",
5 Sep 2022,"5,826","5,727",
6 Sep 2022,"5,633","5,707",
7 Sep 2022,"5,697","5,704",
8 Sep 2022,"5,597","5,664",
9 Sep 2022,"5,783","5,641",
10 Sep 2022,"5,158","5,614",
11 Sep 2022,"5,535","5,604",
12 Sep 2022,"5,768","5,596",
13 Sep 2022,"5,639","5,597",
14 Sep 2022,"5,674","5,593",
15 Sep 2022,"5,812","5,624",
16 Sep 2022,"5,477","5,580",
17 Sep 2022,"5,257","5,595",
18 Sep 2022,"5,518","5,592",
19 Sep 2022,"5,255","5,519",
20 Sep 2022,"5,606","5,514",
21 Sep 2022,"5,623","5,507",
22 Sep 2022,"5,812","5,507",
23 Sep 2022,"5,918","5,570",
24 Sep 2022,"5,061","5,542",
25 Sep 2022,"5,446","5,532",
26 Sep 2022,"5,749","5,602",
27 Sep 2022,"5,491","5,586",
28 Sep 2022,"5,497","5,568",
29 Sep 2022,"5,517","5,526",
30 Sep 2022,"5,635","5,485",
1 Oct 2022,"4,933","5,467",
2 Oct 2022,"5,334","5,451",
3 Oct 2022,"5,590","5,428",
4 Oct 2022,"5,351","5,408",
5 Oct 2022,"5,292","5,379",
6 Oct 2022,"5,593","5,390",
7 Oct 2022,"5,661","5,393",
8 Oct 2022,"4,889","5,387",
9 Oct 2022,"5,233","5,373",
10 Oct 2022,"5,508","5,361",
11 Oct 2022,"5,377","5,365",
12 Oct 2022,"5,349","5,373",
13 Oct 2022,"5,479","5,357",
14 Oct 2022,"5,678","5,359",
15 Oct 2022,"4,903","5,361",
16 Oct 2022,"5,254","5,364",
17 Oct 2022,"5,410","5,350",
18 Oct 2022,"5,286","5,337",
19 Oct 2022,"5,235","5,321",
20 Oct 2022,"5,409","5,311",
21 Oct 2022,"5,419","5,274",
22 Oct 2022,"4,974","5,284",
23 Oct 2022,"4,883","5,231",
24 Oct 2022,"5,342","5,221",
25 Oct 2022,"5,306","5,224",
26 Oct 2022,"5,222","5,222",
27 Oct 2022,"5,516","5,237",
28 Oct 2022,"5,653","5,271",
29 Oct 2022,"4,909","5,262",
30 Oct 2022,"5,086","5,291",
31 Oct 2022,"5,133","5,261",
1 Nov 2022,"4,410","5,133",
2 Nov 2022,"4,305","5,002",
3 Nov 2022,"4,662","4,880",
4 Nov 2022,"4,877","4,769",
5 Nov 2022,"3,915","4,627",
6 Nov 2022,"4,496","4,543",
7 Nov 2022,"4,653","4,474",
8 Nov 2022,"4,152","4,437",
9 Nov 2022,"4,148","4,415",
10 Nov 2022,"4,531","4,396",
11 Nov 2022,"4,733","4,375",
12 Nov 2022,"3,810","4,360",
13 Nov 2022,"4,409","4,348",
14 Nov 2022,"4,454","4,320",
15 Nov 2022,"4,092","4,311",
16 Nov 2022,"4,004","4,290",
17 Nov 2022,"4,313","4,259",
18 Nov 2022,"4,704","4,255",
19 Nov 2022,"3,713","4,241",
20 Nov 2022,"4,352","4,233",
21 Nov 2022,"4,459","4,234",
22 Nov 2022,"3,899","4,206",
23 Nov 2022,"3,872","4,187",
24 Nov 2022,"4,226","4,175",
25 Nov 2022,"4,661","4,169",
26 Nov 2022,"3,551","4,146",
27 Nov 2022,"4,281","4,136",
28 Nov 2022,"4,486","4,139",
29 Nov 2022,"3,939","4,145",
30 Nov 2022,"4,074","4,174",
1 Dec 2022,"4,266","4,180",
2 Dec 2022,"4,767","4,195",
3 Dec 2022,"3,699","4,216",
4 Dec 2022,"4,411","4,235",
5 Dec 2022,"4,649","4,258",
6 Dec 2022,"4,275","4,306",
7 Dec 2022,"4,261","4,333",
8 Dec 2022,"4,580","4,377",
9 Dec 2022,"4,745","4,374",
10 Dec 2022,"3,871","4,399",
11 Dec 2022,"3,758","4,306",
12 Dec 2022,"4,135","4,232",
13 Dec 2022,"4,192","4,220",
14 Dec 2022,"4,305","4,227",
15 Dec 2022,"4,493","4,214",
16 Dec 2022,"4,892","4,235",
17 Dec 2022,"4,311","4,298",
18 Dec 2022,"4,439","4,395",
19 Dec 2022,"4,742","4,482",
20 Dec 2022,"4,601","4,540",
21 Dec 2022,"4,625","4,586",
22 Dec 2022,"4,794","4,629",
23 Dec 2022,"4,858","4,624",
24 Dec 2022,"3,483","4,506",
25 Dec 2022,"1,452","4,079",
26 Dec 2022,"4,132","3,992",
27 Dec 2022,"4,416","3,966",
28 Dec 2022,"4,307","3,920",
29 Dec 2022,"4,490","3,877",
30 Dec 2022,"4,583","3,838",
31 Dec 2022,"3,664","3,863",
1 Jan 2023,"3,735","4,190",
2 Jan 2023,"4,722","4,274",
3 Jan 2023,"4,454","4,279",
4 Jan 2023,"4,408","4,294",
5 Jan 2023,"4,484","4,293",
6 Jan 2023,"4,728","4,314",
7 Jan 2023,"4,179","4,387",
8 Jan 2023,"4,438","4,488",
9 Jan 2023,"4,450","4,449",
10 Jan 2023,"3,720","4,344",
11 Jan 2023,"3,770","4,253",
12 Jan 2023,"4,098","4,198",
13 Jan 2023,"4,522","4,168",
14 Jan 2023,"3,875","4,125",
15 Jan 2023,"4,267","4,100",
16 Jan 2023,"4,253","4,072",
17 Jan 2023,"3,633","4,060",
18 Jan 2023,"3,695","4,049",
19 Jan 2023,"4,044","4,041",
20 Jan 2023,"4,626","4,056",
21 Jan 2023,"3,897","4,059",
22 Jan 2023,"4,256","4,058",
23 Jan 2023,"4,210","4,052",
24 Jan 2023,"3,673","4,057",
25 Jan 2023,"3,605","4,044",
26 Jan 2023,"4,146","4,059",
27 Jan 2023,"4,498","4,041",
28 Jan 2023,"3,780","4,024",
29 Jan 2023,"4,242","4,022",
30 Jan 2023,"4,299","4,035",
31 Jan 2023,"3,708","4,040",
1 Feb 2023,"3,817","4,070",
2 Feb 2023,"4,154","4,071",
3 Feb 2023,"4,627","4,090",
4 Feb 2023,"3,929","4,111",
5 Feb 2023,"4,398","4,133",
6 Feb 2023,"4,465","4,157",
7 Feb 2023,"3,707","4,157",
8 Feb 2023,"3,858","4,163",
9 Feb 2023,"4,465","4,207",
10 Feb 2023,"5,120","4,277",
11 Feb 2023,"4,523","4,362",
12 Feb 2023,"4,601","4,391",
13 Feb 2023,"4,687","4,423",
14 Feb 2023,"3,986","4,463",
15 Feb 2023,"4,213","4,514",
16 Feb 2023,"4,521","4,522",
17 Feb 2023,"4,793","4,475",
18 Feb 2023,"4,638","4,491",
19 Feb 2023,"4,969","4,544",
20 Feb 2023,"4,764","4,555",
21 Feb 2023,"4,159","4,580",
22 Feb 2023,"4,154","4,571",
23 Feb 2023,"4,529","4,572",
24 Feb 2023,"4,948","4,594",
25 Feb 2023,"4,264","4,541",
26 Feb 2023,"4,703","4,503",
27 Feb 2023,"4,815","4,510",
28 Feb 2023,"4,273","4,527",
1 Mar 2023,"4,353","4,555",
2 Mar 2023,"4,588","4,563",
3 Mar 2023,"4,937","4,562",
4 Mar 2023,"4,262","4,562",
5 Mar 2023,"4,624","4,550",
6 Mar 2023,"4,748","4,541",
7 Mar 2023,"4,156","4,524",
8 Mar 2023,"4,002","4,474",
9 Mar 2023,"4,527","4,465",
10 Mar 2023,"4,763","4,440",
11 Mar 2023,"4,248","4,438",
12 Mar 2023,"4,743","4,455",
13 Mar 2023,"4,575","4,431",
14 Mar 2023,"4,379","4,462",
15 Mar 2023,"4,415","4,521",
16 Mar 2023,"4,672","4,542",
17 Mar 2023,"5,066","4,585",
18 Mar 2023,"4,307","4,594",
19 Mar 2023,"4,781","4,599",
20 Mar 2023,"4,768","4,627",
21 Mar 2023,"4,308","4,617",
22 Mar 2023,"4,351","4,608",
23 Mar 2023,"4,669","4,607",
24 Mar 2023,"4,994","4,597",
25 Mar 2023,"4,214","4,584",
26 Mar 2023,"4,785","4,584",
27 Mar 2023,"4,947","4,610",
28 Mar 2023,"4,836","4,685",
29 Mar 2023,"5,036","4,783",
30 Mar 2023,"5,347","4,880",
31 Mar 2023,"5,319","4,926",
1 Apr 2023,"4,818","5,013",
2 Apr 2023,"5,065","5,053",
3 Apr 2023,"5,282","5,100",
4 Apr 2023,"5,216","5,155",
5 Apr 2023,"5,221","5,181",
6 Apr 2023,"5,484","5,201",
7 Apr 2023,"5,277","5,195",
8 Apr 2023,"4,686","5,176",
9 Apr 2023,"4,968","5,162",
10 Apr 2023,"5,171","5,146",
11 Apr 2023,"5,162","5,138",
12 Apr 2023,"5,105","5,122",
13 Apr 2023,"5,420","5,113",
14 Apr 2023,"5,520","5,147",
15 Apr 2023,"4,856","5,172",
16 Apr 2023,"5,215","5,207",
17 Apr 2023,"5,439","5,245",
18 Apr 2023,"5,271","5,261",
19 Apr 2023,"5,311","5,290",
20 Apr 2023,"5,483","5,299",
21 Apr 2023,"5,556","5,304",
22 Apr 2023,"4,713","5,284",
23 Apr 2023,"5,105","5,268",
24 Apr 2023,"5,410","5,264",
25 Apr 2023,"5,233","5,259",
26 Apr 2023,"5,284","5,255",
27 Apr 2023,"5,510","5,259",
28 Apr 2023,"5,680","5,276",
29 Apr 2023,"4,776","5,285",
30 Apr 2023,"5,100","5,285",
1 May 2023,"5,341","5,275",
2 May 2023,"5,489","5,311",
3 May 2023,"5,501","5,342",
4 May 2023,"5,846","5,390",
5 May 2023,"5,920","5,425",
6 May 2023,"4,988","5,455",
7 May 2023,"5,346","5,490",
8 May 2023,"5,590","5,526",
9 May 2023,"5,484","5,525",
10 May 2023,"5,526","5,529",
11 May 2023,"5,869","5,532",
12 May 2023,"5,937","5,534",
13 May 2023,"5,112","5,552",
14 May 2023,"5,466","5,569",
15 May 2023,"5,798","5,599",
16 May 2023,"5,632","5,620",
17 May 2023,"5,640","5,636",
18 May 2023,"5,893","5,640",
19 May 2023,"5,807","5,621",
20 May 2023,"5,118","5,622",
21 May 2023,"5,492","5,626",
22 May 2023,"5,836","5,631",
23 May 2023,"5,731","5,645",
24 May 2023,"5,809","5,669",
25 May 2023,"6,106","5,700",
26 May 2023,"6,315","5,772",
27 May 2023,"5,545","5,833",
28 May 2023,"5,593","5,848",
29 May 2023,"5,865","5,852",
30 May 2023,"5,844","5,868",
31 May 2023,"5,912","5,883",
1 Jun 2023,"6,128","5,886",
2 Jun 2023,"6,145","5,862",
3 Jun 2023,"5,470","5,851",
4 Jun 2023,"5,930","5,899",
5 Jun 2023,"6,098","5,932",
6 Jun 2023,"5,841","5,932",
7 Jun 2023,"6,057","5,953",
8 Jun 2023,"6,196","5,962",
9 Jun 2023,"6,305","5,985",
10 Jun 2023,"5,530","5,994",
11 Jun 2023,"5,799","5,975",
12 Jun 2023,"5,927","5,951",
13 Jun 2023,"5,979","5,970",
14 Jun 2023,"6,123","5,980",
15 Jun 2023,"6,264","5,990",
16 Jun 2023,"6,370","5,999",
17 Jun 2023,"5,533","5,999",
18 Jun 2023,"5,623","5,974",
19 Jun 2023,"6,154","6,007",
20 Jun 2023,"5,916","5,998",
21 Jun 2023,"6,136","5,999",
22 Jun 2023,"6,283","6,002",
23 Jun 2023,"6,384","6,004",
24 Jun 2023,"5,527","6,003",
25 Jun 2023,"5,955","6,051",
26 Jun 2023,"6,274","6,068",
27 Jun 2023,"6,076","6,091",
28 Jun 2023,"6,099","6,085",
29 Jun 2023,"6,296","6,087",
30 Jun 2023,"6,379","6,087",
1 Jul 2023,"5,714","6,113",
2 Jul 2023,"6,018","6,122",
3 Jul 2023,"6,204","6,112",
4 Jul 2023,"6,080","6,113",
5 Jul 2023,"6,035","6,104",
6 Jul 2023,"6,407","6,120",
7 Jul 2023,"6,538","6,142",
8 Jul 2023,"5,621","6,129",
9 Jul 2023,"6,052","6,134",
10 Jul 2023,"6,335","6,153",
11 Jul 2023,"6,134","6,160",
12 Jul 2023,"6,173","6,180",
13 Jul 2023,"6,379","6,176",
14 Jul 2023,"6,411","6,158",
15 Jul 2023,"5,595","6,154",
16 Jul 2023,"6,090","6,160",
17 Jul 2023,"6,399","6,169",
18 Jul 2023,"6,133","6,169",
19 Jul 2023,"6,156","6,166",
20 Jul 2023,"6,326","6,159",
21 Jul 2023,"6,437","6,162",
22 Jul 2023,"5,672","6,173",
23 Jul 2023,"6,009","6,162",
24 Jul 2023,"6,177","6,130",
25 Jul 2023,"6,034","6,116",
26 Jul 2023,"6,138","6,113",
27 Jul 2023,"6,290","6,108",
28 Jul 2023,"6,390","6,101",
29 Jul 2023,"5,688","6,104",
30 Jul 2023,"5,997","6,102",
31 Jul 2023,"6,178","6,102",
1 Aug 2023,"6,040","6,103",
2 Aug 2023,"5,979","6,080",
3 Aug 2023,"6,254","6,075",
4 Aug 2023,"6,347","6,069",
5 Aug 2023,"5,651","6,064",
6 Aug 2023,"5,978","6,061",
7 Aug 2023,"6,152","6,057",
8 Aug 2023,"5,968","6,047",
9 Aug 2023,"6,059","6,058",
10 Aug 2023,"6,197","6,050",
11 Aug 2023,"6,333","6,048",
12 Aug 2023,"5,641","6,047",
13 Aug 2023,"5,936","6,041",
14 Aug 2023,"6,087","6,032",
15 Aug 2023,"5,975","6,033",
16 Aug 2023,"5,968","6,020",
17 Aug 2023,"6,163","6,015",
18 Aug 2023,"6,176","5,992",
19 Aug 2023,"5,579","5,983",
20 Aug 2023,"5,978","5,989",
21 Aug 2023,"6,160","6,000",
22 Aug 2023,"6,029","6,008",
23 Aug 2023,"6,180","6,038",
24 Aug 2023,"6,060","6,023",
25 Aug 2023,"6,346","6,047",
26 Aug 2023,"5,636","6,056",
27 Aug 2023,"5,873","6,041",
28 Aug 2023,"4,365","5,784",
29 Aug 2023,"6,319","5,826",
30 Aug 2023,"6,364","5,852",
31 Aug 2023,"6,488","5,913",
1 Sep 2023,"6,470","5,931",
2 Sep 2023,"5,675","5,936",
3 Sep 2023,"6,148","5,976",
4 Sep 2023,"6,317","6,254",
5 Sep 2023,"6,114","6,225",
6 Sep 2023,"6,094","6,187",
7 Sep 2023,"6,377","6,171",
8 Sep 2023,"6,402","6,161",
9 Sep 2023,"5,586","6,148",
10 Sep 2023,"6,053","6,135",
11 Sep 2023,"6,282","6,130",
12 Sep 2023,"6,092","6,127",
13 Sep 2023,"6,165","6,137",
14 Sep 2023,"6,305","6,126",
15 Sep 2023,"6,416","6,128",
16 Sep 2023,"5,606","6,131",
17 Sep 2023,"5,855","6,103",
18 Sep 2023,"6,208","6,092",
19 Sep 2023,"6,026","6,083",
20 Sep 2023,"6,046","6,066",
21 Sep 2023,"6,316","6,068",
22 Sep 2023,"6,369","6,061",
23 Sep 2023,"5,531","6,050",
24 Sep 2023,"5,918","6,059",
25 Sep 2023,"6,066","6,039",
26 Sep 2023,"5,996","6,035",
27 Sep 2023,"5,963","6,023",
28 Sep 2023,"6,242","6,012",
29 Sep 2023,"6,319","6,005",
30 Sep 2023,"5,437","5,992",
1 Oct 2023,"5,796","5,974",
2 Oct 2023,"6,012","5,966",
3 Oct 2023,"5,907","5,954",
4 Oct 2023,"5,892","5,944",
5 Oct 2023,"6,142","5,929",
6 Oct 2023,"6,249","5,919",
7 Oct 2023,"5,329","5,904",
8 Oct 2023,"5,813","5,906",
9 Oct 2023,"5,963","5,899",
10 Oct 2023,"5,742","5,876",
11 Oct 2023,"5,614","5,836",
12 Oct 2023,"6,134","5,835",
13 Oct 2023,"5,994","5,798",
14 Oct 2023,"5,379","5,806",
15 Oct 2023,"5,737","5,795",
16 Oct 2023,"6,054","5,808",
17 Oct 2023,"5,692","5,801",
18 Oct 2023,"5,686","5,811",
19 Oct 2023,"5,839","5,769",
20 Oct 2023,"5,913","5,757",
21 Oct 2023,"5,299","5,746",
22 Oct 2023,"5,651","5,733",
23 Oct 2023,"5,818","5,700",
24 Oct 2023,"5,571","5,682",
25 Oct 2023,"5,709","5,686",
26 Oct 2023,"5,915","5,697",
27 Oct 2023,"6,049","5,716",
28 Oct 2023,"5,264","5,711",
29 Oct 2023,"5,549","5,696",
30 Oct 2023,"5,618","5,668",
31 Oct 2023,"5,169","5,610",
1 Nov 2023,"4,832","5,485",
2 Nov 2023,"4,773","5,322",
3 Nov 2023,"5,514","5,246",
4 Nov 2023,"4,395","5,121",
5 Nov 2023,"5,046","5,050",
6 Nov 2023,"5,176","4,986",
7 Nov 2023,"4,370","4,872",
8 Nov 2023,"4,354","4,804",
9 Nov 2023,"4,754","4,801",
10 Nov 2023,"5,218","4,759",
11 Nov 2023,"4,104","4,717",
12 Nov 2023,"4,799","4,682",
13 Nov 2023,"4,866","4,638",
14 Nov 2023,"4,219","4,616",
15 Nov 2023,"4,276","4,605",
16 Nov 2023,"4,751","4,605",
17 Nov 2023,"5,262","4,611",
18 Nov 2023,"3,975","4,593",
19 Nov 2023,"4,661","4,573",
20 Nov 2023,"4,924","4,581",
21 Nov 2023,"4,201","4,579",
22 Nov 2023,"4,255","4,576",
23 Nov 2023,"4,655","4,562",
24 Nov 2023,"5,105","4,539",
25 Nov 2023,"4,028","4,547",
26 Nov 2023,"4,784","4,565",
27 Nov 2023,"5,040","4,581",
28 Nov 2023,"4,287","4,593",
29 Nov 2023,"4,369","4,610",
30 Nov 2023,"4,759","4,625",
1 Dec 2023,"5,259","4,647",
2 Dec 2023,"3,858","4,622",
3 Dec 2023,"4,807","4,626",
4 Dec 2023,"5,003","4,620",
5 Dec 2023,"4,358","4,630",
6 Dec 2023,"4,428","4,639",
7 Dec 2023,"4,709","4,632",
8 Dec 2023,"5,338","4,643",
9 Dec 2023,"4,199","4,692",
10 Dec 2023,"4,921","4,708",
11 Dec 2023,"5,198","4,736",
12 Dec 2023,"4,483","4,754",
13 Dec 2023,"4,586","4,776",
14 Dec 2023,"5,104","4,833",
15 Dec 2023,"5,620","4,873",
16 Dec 2023,"4,720","4,947",
17 Dec 2023,"5,168","4,983",
18 Dec 2023,"5,310","4,999",
19 Dec 2023,"4,912","5,060",
20 Dec 2023,"4,908","5,106",
21 Dec 2023,"4,933","5,082",
22 Dec 2023,"5,438","5,056",
23 Dec 2023,"4,844","5,073",
24 Dec 2023,"3,812","4,880",
25 Dec 2023,"1,656","4,358",
26 Dec 2023,"4,120","4,244",
27 Dec 2023,"4,669","4,210",
28 Dec 2023,"4,971","4,216",
29 Dec 2023,"5,178","4,179",
30 Dec 2023,"4,678","4,155",
31 Dec 2023,"4,269","4,220",
1 Jan 2024,"4,232","4,588",
2 Jan 2024,"4,693","4,670",
3 Jan 2024,"4,701","4,675",
4 Jan 2024,"4,921","4,667",
5 Jan 2024,"5,140","4,662",
6 Jan 2024,"4,645","4,657",
7 Jan 2024,"4,913","4,749",
8 Jan 2024,"4,664","4,811",
9 Jan 2024,"3,785","4,681",
10 Jan 2024,"3,797","4,552",
11 Jan 2024,"4,195","4,448",
12 Jan 2024,"4,813","4,402",
13 Jan 2024,"4,115","4,326",
14 Jan 2024,"4,571","4,277",
15 Jan 2024,"4,431","4,244",
16 Jan 2024,"3,595","4,217",
17 Jan 2024,"3,525","4,178",
18 Jan 2024,"4,105","4,165",
19 Jan 2024,"4,787","4,161",
20 Jan 2024,"4,044","4,151",
21 Jan 2024,"4,004","4,070",
22 Jan 2024,"4,539","4,086",
23 Jan 2024,"3,590","4,085",
24 Jan 2024,"3,660","4,104",
25 Jan 2024,"4,233","4,122",
26 Jan 2024,"4,841","4,130",
27 Jan 2024,"4,031","4,128",
28 Jan 2024,"4,527","4,203",
29 Jan 2024,"4,575","4,208",
30 Jan 2024,"3,793","4,237",
31 Jan 2024,"3,773","4,253",
1 Feb 2024,"4,316","4,265",
2 Feb 2024,"4,885","4,271",
3 Feb 2024,"4,195","4,295",
4 Feb 2024,"4,723","4,323",
5 Feb 2024,"4,829","4,359",
6 Feb 2024,"3,960","4,383",
7 Feb 2024,"3,951","4,408",
8 Feb 2024,"4,574","4,445",
9 Feb 2024,"5,474","4,529",
10 Feb 2024,"4,840","4,622",
11 Feb 2024,"5,039","4,667",
12 Feb 2024,"4,982","4,689",
13 Feb 2024,"4,194","4,722",
14 Feb 2024,"4,247","4,764",
15 Feb 2024,"4,773","4,793",
16 Feb 2024,"5,293","4,767",
17 Feb 2024,"4,899","4,775",
18 Feb 2024,"5,278","4,809",
19 Feb 2024,"5,089","4,825",
20 Feb 2024,"4,159","4,820",
21 Feb 2024,"4,195","4,812",
22 Feb 2024,"4,775","4,813",
23 Feb 2024,"5,235","4,804",
24 Feb 2024,"4,575","4,758",
25 Feb 2024,"4,981","4,716",
26 Feb 2024,"5,029","4,707",
27 Feb 2024,"4,260","4,721",
28 Feb 2024,"4,293","4,735",
29 Feb 2024,"4,890","4,752",
1 Mar 2024,"5,308","4,762",
2 Mar 2024,"4,565","4,761",
3 Mar 2024,"4,974","4,760",
4 Mar 2024,"5,139","4,776",
5 Mar 2024,"4,319","4,784",
6 Mar 2024,"4,329","4,789",
7 Mar 2024,"4,890","4,789",
8 Mar 2024,"5,413","4,804",
9 Mar 2024,"4,628","4,813",
10 Mar 2024,"5,102","4,831",
11 Mar 2024,"5,322","4,858",
12 Mar 2024,"4,358","4,863",
13 Mar 2024,"4,414","4,875",
14 Mar 2024,"4,893","4,876",
15 Mar 2024,"5,488","4,886",
16 Mar 2024,"4,718","4,899",
17 Mar 2024,"5,090","4,898",
18 Mar 2024,"5,250","4,887",
19 Mar 2024,"4,407","4,894",
20 Mar 2024,"4,475","4,903",
21 Mar 2024,"4,915","4,906",
22 Mar 2024,"5,446","4,900",
23 Mar 2024,"4,687","4,896",
24 Mar 2024,"5,013","4,885",
25 Mar 2024,"5,215","4,880",
26 Mar 2024,"4,698","4,921",
27 Mar 2024,"4,724","4,957",
28 Mar 2024,"5,164","4,992",
29 Mar 2024,"5,533","5,005",
30 Mar 2024,"4,765","5,016",
31 Mar 2024,"5,215","5,045",
1 Apr 2024,"5,398","5,071",
2 Apr 2024,"5,350","5,164",
3 Apr 2024,"5,324","5,250",
4 Apr 2024,"5,657","5,320",
5 Apr 2024,"5,615","5,332",
6 Apr 2024,"4,921","5,354",
7 Apr 2024,"5,442","5,387",
8 Apr 2024,"5,678","5,427",
9 Apr 2024,"5,333","5,424",
10 Apr 2024,"5,444","5,441",
11 Apr 2024,"5,676","5,444",
12 Apr 2024,"5,755","5,464",
13 Apr 2024,"5,102","5,490",
14 Apr 2024,"5,461","5,493",
15 Apr 2024,"5,548","5,474",
16 Apr 2024,"5,448","5,491",
17 Apr 2024,"5,530","5,503",
18 Apr 2024,"5,781","5,518",
19 Apr 2024,"5,796","5,524",
20 Apr 2024,"5,005","5,510",
21 Apr 2024,"5,357","5,495",
22 Apr 2024,"5,677","5,513",
23 Apr 2024,"5,417","5,509",
24 Apr 2024,"5,541","5,511",
25 Apr 2024,"5,545","5,477",
26 Apr 2024,"5,807","5,478",
27 Apr 2024,"4,991","5,476",
28 Apr 2024,"5,348","5,475",
29 Apr 2024,"5,648","5,471",
30 Apr 2024,"5,489","5,481",
1 May 2024,"5,703","5,504",
2 May 2024,"5,985","5,567",
3 May 2024,"6,157","5,617",
4 May 2024,"5,339","5,667",
5 May 2024,"5,642","5,709",
6 May 2024,"5,890","5,744",
7 May 2024,"5,891","5,801",
8 May 2024,"5,816","5,817",
9 May 2024,"6,077","5,830",
10 May 2024,"6,084","5,820",
11 May 2024,"5,423","5,832",
12 May 2024,"5,783","5,852",
13 May 2024,"6,068","5,877",
14 May 2024,"5,877","5,875",
15 May 2024,"5,911","5,889",
16 May 2024,"6,131","5,897",
17 May 2024,"6,179","5,910",
18 May 2024,"5,407","5,908",
19 May 2024,"5,826","5,914",
20 May 2024,"6,083","5,916",
21 May 2024,"5,914","5,922",
22 May 2024,"5,979","5,931",
23 May 2024,"6,412","5,971",
24 May 2024,"6,564","6,026",
25 May 2024,"5,887","6,095",
26 May 2024,"5,909","6,107",
27 May 2024,"6,155","6,117",
28 May 2024,"6,063","6,138",
29 May 2024,"6,153","6,163",
30 May 2024,"6,342","6,153",
31 May 2024,"6,538","6,150",
1 Jun 2024,"6,061","6,174",
2 Jun 2024,"6,457","6,253",
3 Jun 2024,"6,461","6,296",
4 Jun 2024,"6,204","6,317",
5 Jun 2024,"6,304","6,338",
6 Jun 2024,"6,417","6,349",
7 Jun 2024,"6,473","6,340",
8 Jun 2024,"5,731","6,292",
9 Jun 2024,"6,052","6,235",
10 Jun 2024,"6,415","6,228",
11 Jun 2024,"6,177","6,224",
12 Jun 2024,"6,307","6,225",
13 Jun 2024,"6,496","6,236",
14 Jun 2024,"6,548","6,247",
15 Jun 2024,"5,808","6,258",
16 Jun 2024,"6,166","6,274",
17 Jun 2024,"6,437","6,277",
18 Jun 2024,"6,199","6,280",
19 Jun 2024,"6,364","6,288",
20 Jun 2024,"6,478","6,286",
21 Jun 2024,"6,505","6,280",
22 Jun 2024,"5,837","6,284",
23 Jun 2024,"6,070","6,270",
