Date,"SAP actual day
(p/kWh)","SAP preceding seven-day rolling average
(p/kWh)"
1 Jan 2018,1.708,1.847
2 Jan 2018,1.733,1.832
3 Jan 2018,1.766,1.802
4 Jan 2018,1.772,1.784
5 Jan 2018,1.760,1.761
6 Jan 2018,1.719,1.755
7 Jan 2018,1.817,1.742
8 Jan 2018,1.799,1.754
9 Jan 2018,1.773,1.767
10 Jan 2018,1.786,1.772
11 Jan 2018,1.833,1.775
12 Jan 2018,1.778,1.784
13 Jan 2018,1.780,1.787
14 Jan 2018,1.777,1.795
15 Jan 2018,1.733,1.790
16 Jan 2018,1.730,1.780
17 Jan 2018,1.718,1.774
18 Jan 2018,1.703,1.764
19 Jan 2018,1.716,1.746
20 Jan 2018,1.720,1.737
21 Jan 2018,1.700,1.728
22 Jan 2018,1.685,1.717
23 Jan 2018,1.653,1.710
24 Jan 2018,1.624,1.699
25 Jan 2018,1.653,1.686
26 Jan 2018,1.615,1.679
27 Jan 2018,1.622,1.664
28 Jan 2018,1.555,1.650
29 Jan 2018,1.589,1.630
30 Jan 2018,1.630,1.616
31 Jan 2018,1.612,1.613
1 Feb 2018,1.695,1.611
2 Feb 2018,1.764,1.617
3 Feb 2018,1.662,1.638
4 Feb 2018,1.680,1.644
5 Feb 2018,1.693,1.662
6 Feb 2018,1.710,1.676
7 Feb 2018,1.767,1.688
8 Feb 2018,1.744,1.710
9 Feb 2018,1.728,1.717
10 Feb 2018,1.743,1.712
11 Feb 2018,1.712,1.724
12 Feb 2018,1.725,1.728
13 Feb 2018,1.797,1.733
14 Feb 2018,1.727,1.745
15 Feb 2018,1.648,1.739
16 Feb 2018,1.731,1.726
17 Feb 2018,1.712,1.726
18 Feb 2018,1.707,1.722
19 Feb 2018,1.888,1.721
20 Feb 2018,1.877,1.744
21 Feb 2018,1.941,1.755
22 Feb 2018,2.074,1.786
23 Feb 2018,2.078,1.847
24 Feb 2018,1.870,1.897
25 Feb 2018,1.895,1.919
26 Feb 2018,2.417,1.946
27 Feb 2018,3.649,2.022
28 Feb 2018,5.754,2.275
1 Mar 2018,12.716,4.340
2 Mar 2018,8.694,4.340
3 Mar 2018,2.239,5.285
4 Mar 2018,1.991,5.338
5 Mar 2018,1.744,5.351
6 Mar 2018,1.765,5.255
7 Mar 2018,1.721,4.986
8 Mar 2018,1.790,4.410
9 Mar 2018,1.898,2.849
10 Mar 2018,1.862,1.878
11 Mar 2018,1.847,1.824
12 Mar 2018,2.505,1.804
13 Mar 2018,2.330,1.912
14 Mar 2018,2.080,1.993
15 Mar 2018,2.256,2.044
16 Mar 2018,1.874,2.111
17 Mar 2018,1.888,2.108
18 Mar 2018,2.200,2.111
19 Mar 2018,1.970,2.162
20 Mar 2018,1.909,2.086
21 Mar 2018,1.863,2.025
22 Mar 2018,1.855,1.995
23 Mar 2018,1.755,1.937
24 Mar 2018,1.791,1.920
25 Mar 2018,1.688,1.906
26 Mar 2018,1.636,1.833
27 Mar 2018,1.715,1.785
28 Mar 2018,1.661,1.758
29 Mar 2018,1.765,1.729
30 Mar 2018,1.662,1.716
31 Mar 2018,1.674,1.703
1 Apr 2018,1.811,1.686
2 Apr 2018,1.796,1.704
3 Apr 2018,1.638,1.726
4 Apr 2018,1.679,1.715
5 Apr 2018,1.688,1.718
6 Apr 2018,1.663,1.707
7 Apr 2018,1.706,1.707
8 Apr 2018,1.688,1.711
9 Apr 2018,1.772,1.694
10 Apr 2018,1.834,1.690
11 Apr 2018,1.860,1.718
12 Apr 2018,1.914,1.744
13 Apr 2018,1.875,1.777
14 Apr 2018,1.685,1.807
15 Apr 2018,1.722,1.804
16 Apr 2018,1.713,1.809
17 Apr 2018,1.728,1.800
18 Apr 2018,1.657,1.785
19 Apr 2018,1.763,1.756
20 Apr 2018,1.739,1.735
21 Apr 2018,1.677,1.715
22 Apr 2018,1.673,1.714
23 Apr 2018,1.718,1.707
24 Apr 2018,1.744,1.708
25 Apr 2018,1.730,1.710
26 Apr 2018,1.778,1.721
27 Apr 2018,1.840,1.723
28 Apr 2018,1.849,1.737
29 Apr 2018,1.844,1.762
30 Apr 2018,1.845,1.786
1 May 2018,1.811,1.804
2 May 2018,1.823,1.814
3 May 2018,1.801,1.827
4 May 2018,1.829,1.831
5 May 2018,1.807,1.829
6 May 2018,1.795,1.823
7 May 2018,1.815,1.816
8 May 2018,1.829,1.812
9 May 2018,1.782,1.814
10 May 2018,1.823,1.808
11 May 2018,1.876,1.811
12 May 2018,1.895,1.818
13 May 2018,1.861,1.831
14 May 2018,1.931,1.840
15 May 2018,1.861,1.857
16 May 2018,1.894,1.861
17 May 2018,1.976,1.877
18 May 2018,1.947,1.899
19 May 2018,1.927,1.909
20 May 2018,1.887,1.914
21 May 2018,1.928,1.918
22 May 2018,2.007,1.917
23 May 2018,1.986,1.938
24 May 2018,2.019,1.951
25 May 2018,1.909,1.957
26 May 2018,1.862,1.952
27 May 2018,1.886,1.943
28 May 2018,1.915,1.942
29 May 2018,2.016,1.941
30 May 2018,2.116,1.942
31 May 2018,2.035,1.960
1 Jun 2018,1.965,1.963
2 Jun 2018,1.985,1.971
3 Jun 2018,1.992,1.988
4 Jun 2018,2.029,2.004
5 Jun 2018,1.959,2.020
6 Jun 2018,1.948,2.012
7 Jun 2018,2.020,1.988
8 Jun 2018,2.005,1.986
9 Jun 2018,1.957,1.991
10 Jun 2018,1.914,1.987
11 Jun 2018,1.868,1.976
12 Jun 2018,1.860,1.953
13 Jun 2018,1.992,1.939
14 Jun 2018,1.927,1.945
15 Jun 2018,1.880,1.932
16 Jun 2018,1.857,1.921
17 Jun 2018,1.865,1.907
18 Jun 2018,1.873,1.893
19 Jun 2018,1.835,1.893
20 Jun 2018,1.833,1.890
21 Jun 2018,1.758,1.867
22 Jun 2018,1.800,1.843
23 Jun 2018,1.824,1.831
24 Jun 2018,1.802,1.827
25 Jun 2018,1.808,1.818
26 Jun 2018,1.834,1.808
27 Jun 2018,1.890,1.808
28 Jun 2018,1.867,1.816
29 Jun 2018,1.785,1.832
30 Jun 2018,1.808,1.830
1 Jul 2018,1.808,1.828
2 Jul 2018,1.911,1.829
3 Jul 2018,1.904,1.843
4 Jul 2018,1.937,1.853
5 Jul 2018,1.986,1.860
6 Jul 2018,1.961,1.877
7 Jul 2018,1.975,1.902
8 Jul 2018,1.982,1.926
9 Jul 2018,2.023,1.951
10 Jul 2018,1.985,1.967
11 Jul 2018,1.973,1.978
12 Jul 2018,1.934,1.984
13 Jul 2018,2.002,1.976
14 Jul 2018,1.964,1.982
15 Jul 2018,1.963,1.980
16 Jul 2018,1.902,1.978
17 Jul 2018,1.960,1.961
18 Jul 2018,1.999,1.957
19 Jul 2018,1.983,1.961
20 Jul 2018,1.972,1.968
21 Jul 2018,1.944,1.963
22 Jul 2018,1.964,1.960
23 Jul 2018,2.004,1.961
24 Jul 2018,2.009,1.975
25 Jul 2018,1.971,1.982
26 Jul 2018,1.960,1.978
27 Jul 2018,1.970,1.975
28 Jul 2018,1.965,1.975
29 Jul 2018,1.964,1.977
30 Jul 2018,2.016,1.977
31 Jul 2018,2.000,1.979
1 Aug 2018,1.967,1.978
2 Aug 2018,2.016,1.977
3 Aug 2018,2.005,1.985
4 Aug 2018,1.965,1.990
5 Aug 2018,1.964,1.990
6 Aug 2018,2.004,1.991
7 Aug 2018,2.007,1.989
8 Aug 2018,2.014,1.990
9 Aug 2018,1.984,1.996
10 Aug 2018,2.005,1.992
11 Aug 2018,2.024,1.992
12 Aug 2018,2.035,2.000
13 Aug 2018,2.107,2.010
14 Aug 2018,2.047,2.025
15 Aug 2018,2.008,2.031
16 Aug 2018,2.093,2.030
17 Aug 2018,2.128,2.046
18 Aug 2018,2.084,2.063
19 Aug 2018,2.049,1.774
20 Aug 2018,2.142,2.071
21 Aug 2018,2.181,2.076
22 Aug 2018,2.200,2.095
23 Aug 2018,2.223,2.122
24 Aug 2018,2.244,2.141
25 Aug 2018,2.275,2.157
26 Aug 2018,2.234,2.188
27 Aug 2018,2.273,2.214
28 Aug 2018,2.341,2.233
29 Aug 2018,2.401,2.256
30 Aug 2018,2.377,2.284
31 Aug 2018,2.291,2.306
1 Sep 2018,2.317,2.313
2 Sep 2018,2.314,2.319
3 Sep 2018,2.418,2.330
4 Sep 2018,2.418,2.351
5 Sep 2018,2.454,2.362
6 Sep 2018,2.541,2.370
7 Sep 2018,2.559,2.393
8 Sep 2018,2.567,2.432
9 Sep 2018,2.493,2.467
10 Sep 2018,2.625,2.493
11 Sep 2018,2.581,2.523
12 Sep 2018,2.519,2.546
13 Sep 2018,2.408,2.555
14 Sep 2018,2.407,2.536
15 Sep 2018,2.432,2.515
16 Sep 2018,2.398,2.495
17 Sep 2018,2.469,2.482
18 Sep 2018,2.406,2.459
19 Sep 2018,2.537,2.434
20 Sep 2018,2.599,2.437
21 Sep 2018,2.650,2.464
22 Sep 2018,2.644,2.499
23 Sep 2018,2.604,2.529
24 Sep 2018,2.681,2.558
25 Sep 2018,2.637,2.589
26 Sep 2018,2.554,2.622
27 Sep 2018,2.481,2.624
28 Sep 2018,2.496,2.607
29 Sep 2018,2.485,2.585
30 Sep 2018,2.461,2.563
1 Oct 2018,2.433,2.542
2 Oct 2018,2.452,2.507
3 Oct 2018,2.428,2.480
4 Oct 2018,2.456,2.462
5 Oct 2018,2.493,2.459
6 Oct 2018,2.449,2.458
7 Oct 2018,2.441,2.453
8 Oct 2018,2.361,2.450
9 Oct 2018,2.231,2.440
10 Oct 2018,2.204,2.408
11 Oct 2018,2.138,2.376
12 Oct 2018,2.262,2.331
13 Oct 2018,2.263,2.298
14 Oct 2018,2.311,2.271
15 Oct 2018,2.356,2.253
16 Oct 2018,2.287,2.252
17 Oct 2018,2.157,2.260
18 Oct 2018,2.212,2.253
19 Oct 2018,2.316,2.264
20 Oct 2018,2.257,2.272
21 Oct 2018,2.070,2.271
22 Oct 2018,2.137,2.236
23 Oct 2018,2.086,2.205
24 Oct 2018,2.137,2.176
25 Oct 2018,2.215,2.174
26 Oct 2018,2.119,2.174
27 Oct 2018,2.097,2.146
28 Oct 2018,2.212,2.123
29 Oct 2018,2.228,2.143
30 Oct 2018,2.241,2.156
31 Oct 2018,2.145,2.178
1 Nov 2018,2.098,2.180
2 Nov 2018,2.105,2.163
3 Nov 2018,2.091,2.161
4 Nov 2018,2.101,2.160
5 Nov 2018,2.080,2.144
6 Nov 2018,2.072,2.123
7 Nov 2018,2.153,2.099
8 Nov 2018,2.174,2.100
9 Nov 2018,2.117,2.111
10 Nov 2018,2.094,2.113
11 Nov 2018,2.112,2.113
12 Nov 2018,2.195,2.115
13 Nov 2018,2.267,2.131
14 Nov 2018,2.318,2.159
15 Nov 2018,2.412,2.182
16 Nov 2018,2.389,2.216
17 Nov 2018,2.225,2.255
18 Nov 2018,2.306,2.274
19 Nov 2018,2.241,2.302
20 Nov 2018,2.201,2.308
21 Nov 2018,2.254,2.299
22 Nov 2018,2.269,2.290
23 Nov 2018,2.227,2.269
24 Nov 2018,2.231,2.246
25 Nov 2018,2.225,2.247
26 Nov 2018,2.181,2.236
27 Nov 2018,2.246,2.227
28 Nov 2018,2.160,2.233
29 Nov 2018,2.145,2.220
30 Nov 2018,2.156,2.202
1 Dec 2018,2.235,2.192
2 Dec 2018,2.161,2.192
3 Dec 2018,2.249,2.183
4 Dec 2018,2.250,2.193
5 Dec 2018,2.211,2.194
6 Dec 2018,2.042,2.201
7 Dec 2018,1.999,2.186
8 Dec 2018,2.029,2.164
9 Dec 2018,2.087,2.134
10 Dec 2018,2.171,2.124
11 Dec 2018,2.156,2.113
12 Dec 2018,2.204,2.099
13 Dec 2018,2.248,2.098
14 Dec 2018,2.274,2.127
15 Dec 2018,2.279,2.167
16 Dec 2018,2.262,2.203
17 Dec 2018,2.256,2.228
18 Dec 2018,2.173,2.240
19 Dec 2018,2.319,2.242
20 Dec 2018,2.277,2.259
21 Dec 2018,2.259,2.263
22 Dec 2018,2.263,2.261
23 Dec 2018,2.311,2.258
24 Dec 2018,2.274,2.265
25 Dec 2018,2.226,2.268
26 Dec 2018,2.185,2.276
27 Dec 2018,2.103,2.256
28 Dec 2018,2.047,2.232
29 Dec 2018,1.987,2.201
30 Dec 2018,1.986,2.162
31 Dec 2018,1.664,2.115
1 Jan 2019,1.712,2.028
2 Jan 2019,2.047,1.955
3 Jan 2019,2.039,1.935
4 Jan 2019,2.061,1.926
5 Jan 2019,2.034,1.928
6 Jan 2019,1.973,1.935
7 Jan 2019,1.899,1.933
8 Jan 2019,1.977,1.966
9 Jan 2019,1.994,2.004
10 Jan 2019,2.006,1.997
11 Jan 2019,2.033,1.992
12 Jan 2019,1.995,1.988
13 Jan 2019,1.980,1.982
14 Jan 2019,1.949,1.983
15 Jan 2019,2.032,1.991
16 Jan 2019,1.996,1.998
17 Jan 2019,2.073,1.999
18 Jan 2019,2.045,2.008
19 Jan 2019,2.066,2.010
20 Jan 2019,2.047,2.020
21 Jan 2019,1.991,2.030
22 Jan 2019,2.039,2.036
23 Jan 2019,2.063,2.037
24 Jan 2019,1.976,2.046
25 Jan 2019,1.840,2.032
26 Jan 2019,1.823,2.003
27 Jan 2019,1.884,1.968
28 Jan 2019,1.912,1.945
29 Jan 2019,1.876,1.934
30 Jan 2019,1.851,1.910
31 Jan 2019,1.849,1.880
1 Feb 2019,1.726,1.862
2 Feb 2019,1.732,1.846
3 Feb 2019,1.731,1.833
4 Feb 2019,1.737,1.811
5 Feb 2019,1.736,1.786
6 Feb 2019,1.725,1.766
7 Feb 2019,1.727,1.748
8 Feb 2019,1.682,1.731
9 Feb 2019,1.690,1.724
10 Feb 2019,1.674,1.718
11 Feb 2019,1.625,1.710
12 Feb 2019,1.585,1.694
13 Feb 2019,1.606,1.673
14 Feb 2019,1.623,1.656
15 Feb 2019,1.603,1.641
16 Feb 2019,1.597,1.629
17 Feb 2019,1.596,1.616
18 Feb 2019,1.567,1.605
19 Feb 2019,1.565,1.597
20 Feb 2019,1.582,1.594
21 Feb 2019,1.519,1.590
22 Feb 2019,1.535,1.576
23 Feb 2019,1.540,1.566
24 Feb 2019,1.511,1.558
25 Feb 2019,1.478,1.546
26 Feb 2019,1.497,1.533
27 Feb 2019,1.526,1.523
28 Feb 2019,1.548,1.515
1 Mar 2019,1.513,1.519
2 Mar 2019,1.488,1.516
3 Mar 2019,1.510,1.509
4 Mar 2019,1.504,1.509
5 Mar 2019,1.501,1.512
6 Mar 2019,1.448,1.513
7 Mar 2019,1.470,1.502
8 Mar 2019,1.487,1.491
9 Mar 2019,1.478,1.487
10 Mar 2019,1.483,1.486
11 Mar 2019,1.442,1.482
12 Mar 2019,1.423,1.473
13 Mar 2019,1.368,1.462
14 Mar 2019,1.344,1.450
15 Mar 2019,1.272,1.432
16 Mar 2019,1.299,1.401
17 Mar 2019,1.308,1.376
18 Mar 2019,1.371,1.351
19 Mar 2019,1.279,1.341
20 Mar 2019,1.294,1.320
21 Mar 2019,1.287,1.310
22 Mar 2019,1.272,1.301
23 Mar 2019,1.222,1.301
24 Mar 2019,1.203,1.290
25 Mar 2019,1.192,1.275
26 Mar 2019,1.240,1.250
27 Mar 2019,1.293,1.244
28 Mar 2019,1.218,1.244
29 Mar 2019,1.169,1.234
30 Mar 2019,1.179,1.220
31 Mar 2019,1.175,1.214
1 Apr 2019,1.126,1.210
2 Apr 2019,1.089,1.200
3 Apr 2019,1.150,1.178
4 Apr 2019,1.255,1.158
5 Apr 2019,1.347,1.163
6 Apr 2019,1.392,1.189
7 Apr 2019,1.390,1.219
8 Apr 2019,1.330,1.250
9 Apr 2019,1.467,1.279
10 Apr 2019,1.383,1.333
11 Apr 2019,1.371,1.366
12 Apr 2019,1.419,1.383
13 Apr 2019,1.306,1.393
14 Apr 2019,1.304,1.381
15 Apr 2019,1.264,1.369
16 Apr 2019,1.300,1.359
17 Apr 2019,1.273,1.335
18 Apr 2019,1.260,1.320
19 Apr 2019,1.204,1.304
20 Apr 2019,1.190,1.273
21 Apr 2019,1.092,1.257
22 Apr 2019,1.053,1.226
23 Apr 2019,0.902,1.196
24 Apr 2019,1.074,1.139
25 Apr 2019,1.105,1.111
26 Apr 2019,1.125,1.089
27 Apr 2019,1.107,1.077
28 Apr 2019,1.162,1.065
29 Apr 2019,1.156,1.075
30 Apr 2019,1.164,1.090
1 May 2019,1.130,1.128
2 May 2019,1.181,1.135
3 May 2019,1.200,1.146
4 May 2019,1.156,1.157
5 May 2019,1.169,1.164
6 May 2019,1.221,1.165
7 May 2019,1.146,1.174
8 May 2019,1.241,1.172
9 May 2019,1.380,1.188
10 May 2019,1.305,1.216
11 May 2019,1.250,1.231
12 May 2019,1.169,1.245
13 May 2019,1.021,1.245
14 May 2019,1.052,1.216
15 May 2019,1.113,1.203
16 May 2019,0.953,1.184
17 May 2019,1.109,1.123
18 May 2019,1.089,1.095
19 May 2019,1.087,1.072
20 May 2019,1.067,1.061
21 May 2019,1.018,1.067
22 May 2019,1.015,1.062
23 May 2019,0.991,1.048
24 May 2019,1.008,1.054
25 May 2019,1.006,1.039
26 May 2019,0.971,1.027
27 May 2019,1.023,1.011
28 May 2019,1.046,1.005
29 May 2019,1.015,1.008
30 May 2019,0.972,1.008
31 May 2019,0.929,1.006
1 Jun 2019,0.920,0.994
2 Jun 2019,0.873,0.982
3 Jun 2019,0.903,0.968
4 Jun 2019,1.007,0.951
5 Jun 2019,0.957,0.945
6 Jun 2019,0.921,0.937
7 Jun 2019,0.996,0.930
8 Jun 2019,1.008,0.940
9 Jun 2019,1.017,0.952
10 Jun 2019,1.052,0.973
11 Jun 2019,1.001,0.994
12 Jun 2019,1.022,0.993
13 Jun 2019,1.076,1.002
14 Jun 2019,1.057,1.024
15 Jun 2019,1.051,1.033
16 Jun 2019,1.004,1.039
17 Jun 2019,1.066,1.037
18 Jun 2019,1.036,1.039
19 Jun 2019,0.971,1.044
20 Jun 2019,0.959,1.037
21 Jun 2019,0.933,1.021
22 Jun 2019,0.979,1.003
23 Jun 2019,0.963,0.993
24 Jun 2019,0.941,0.987
25 Jun 2019,0.911,0.969
26 Jun 2019,0.867,0.951
27 Jun 2019,0.807,0.936
28 Jun 2019,0.848,0.914
29 Jun 2019,0.871,0.902
30 Jun 2019,0.856,0.887
1 Jul 2019,0.905,0.872
2 Jul 2019,0.958,0.867
3 Jul 2019,0.950,0.873
4 Jul 2019,0.947,0.885
5 Jul 2019,1.044,0.905
6 Jul 2019,1.038,0.933
7 Jul 2019,0.997,0.957
8 Jul 2019,1.056,0.971
9 Jul 2019,1.084,0.999
10 Jul 2019,1.185,1.017
11 Jul 2019,1.246,1.050
12 Jul 2019,1.175,1.093
13 Jul 2019,1.227,1.111
14 Jul 2019,1.223,1.138
15 Jul 2019,1.172,1.171
16 Jul 2019,1.105,1.187
17 Jul 2019,1.072,1.190
18 Jul 2019,1.008,1.174
19 Jul 2019,1.002,1.140
20 Jul 2019,0.958,1.115
21 Jul 2019,0.941,1.077
22 Jul 2019,0.933,1.037
23 Jul 2019,1.018,1.003
24 Jul 2019,0.964,0.990
25 Jul 2019,0.932,0.975
26 Jul 2019,0.948,0.964
27 Jul 2019,0.922,0.956
28 Jul 2019,0.904,0.951
29 Jul 2019,0.930,0.946
30 Jul 2019,0.905,0.945
31 Jul 2019,0.931,0.929
1 Aug 2019,1.086,0.924
2 Aug 2019,1.098,0.946
3 Aug 2019,1.103,0.968
4 Aug 2019,1.070,0.994
5 Aug 2019,0.931,1.018
6 Aug 2019,0.864,1.018
7 Aug 2019,0.944,1.012
8 Aug 2019,0.991,1.014
9 Aug 2019,0.986,1.000
10 Aug 2019,0.994,0.984
11 Aug 2019,1.014,0.969
12 Aug 2019,1.025,0.961
13 Aug 2019,1.018,0.974
14 Aug 2019,0.951,0.996
15 Aug 2019,0.884,0.997
16 Aug 2019,0.952,0.982
17 Aug 2019,0.923,0.977
18 Aug 2019,0.917,0.967
19 Aug 2019,0.895,0.953
20 Aug 2019,0.988,0.934
21 Aug 2019,0.975,0.930
22 Aug 2019,0.993,0.933
23 Aug 2019,0.780,0.949
24 Aug 2019,0.881,0.924
25 Aug 2019,0.850,0.918
26 Aug 2019,0.980,0.909
27 Aug 2019,0.982,0.921
28 Aug 2019,0.916,0.920
29 Aug 2019,0.885,0.912
30 Aug 2019,0.875,0.896
31 Aug 2019,0.905,0.910
1 Sep 2019,0.874,0.913
2 Sep 2019,0.678,0.917
3 Sep 2019,0.685,0.873
4 Sep 2019,0.666,0.831
5 Sep 2019,0.686,0.795
6 Sep 2019,0.874,0.767
7 Sep 2019,0.878,0.767
8 Sep 2019,0.899,0.763
9 Sep 2019,0.881,0.766
10 Sep 2019,0.911,0.795
11 Sep 2019,0.872,0.828
12 Sep 2019,1.023,0.857
13 Sep 2019,0.991,0.905
14 Sep 2019,1.045,0.922
15 Sep 2019,1.058,0.946
16 Sep 2019,1.056,0.969
17 Sep 2019,0.876,0.994
18 Sep 2019,0.897,0.989
19 Sep 2019,0.817,0.992
20 Sep 2019,0.856,0.963
21 Sep 2019,0.868,0.944
22 Sep 2019,0.906,0.918
23 Sep 2019,0.853,0.897
24 Sep 2019,0.904,0.868
25 Sep 2019,0.854,0.872
26 Sep 2019,0.822,0.866
27 Sep 2019,0.873,0.866
28 Sep 2019,0.885,0.869
29 Sep 2019,0.894,0.871
30 Sep 2019,0.779,0.869
1 Oct 2019,0.910,0.859
2 Oct 2019,0.933,0.860
3 Oct 2019,1.127,0.871
4 Oct 2019,1.036,0.914
5 Oct 2019,0.974,0.938
6 Oct 2019,0.957,0.950
7 Oct 2019,0.921,0.960
8 Oct 2019,0.864,0.980
9 Oct 2019,0.745,0.973
10 Oct 2019,0.802,0.946
11 Oct 2019,0.828,0.900
12 Oct 2019,0.886,0.870
13 Oct 2019,0.861,0.858
14 Oct 2019,1.010,0.844
15 Oct 2019,0.968,0.857
16 Oct 2019,0.891,0.871
17 Oct 2019,0.968,0.892
18 Oct 2019,1.021,0.916
19 Oct 2019,0.922,0.944
20 Oct 2019,0.856,0.949
21 Oct 2019,0.802,0.948
22 Oct 2019,0.894,0.918
23 Oct 2019,0.972,0.908
24 Oct 2019,1.006,0.919
25 Oct 2019,1.018,0.925
26 Oct 2019,0.802,0.924
27 Oct 2019,0.698,0.907
28 Oct 2019,0.932,0.884
29 Oct 2019,0.879,0.903
30 Oct 2019,0.776,0.901
31 Oct 2019,0.916,0.873
1 Nov 2019,0.965,0.860
2 Nov 2019,0.937,0.853
3 Nov 2019,0.994,0.872
4 Nov 2019,1.134,0.914
5 Nov 2019,1.057,0.943
6 Nov 2019,1.155,0.968
7 Nov 2019,1.213,1.022
8 Nov 2019,1.294,1.065
9 Nov 2019,1.279,1.112
10 Nov 2019,1.259,1.161
11 Nov 2019,1.217,1.199
12 Nov 2019,1.377,1.211
13 Nov 2019,1.339,1.256
14 Nov 2019,1.306,1.283
15 Nov 2019,1.375,1.296
16 Nov 2019,1.384,1.307
17 Nov 2019,1.353,1.322
18 Nov 2019,1.364,1.336
19 Nov 2019,1.407,1.357
20 Nov 2019,1.347,1.361
21 Nov 2019,1.460,1.362
22 Nov 2019,1.409,1.384
23 Nov 2019,1.413,1.389
24 Nov 2019,1.415,1.393
25 Nov 2019,1.452,1.402
26 Nov 2019,1.387,1.415
27 Nov 2019,1.444,1.412
28 Nov 2019,1.391,1.426
29 Nov 2019,1.393,1.416
30 Nov 2019,1.410,1.414
1 Dec 2019,1.374,1.413
2 Dec 2019,1.350,1.407
3 Dec 2019,1.236,1.393
4 Dec 2019,1.255,1.371
5 Dec 2019,1.151,1.344
6 Dec 2019,1.130,1.310
7 Dec 2019,1.191,1.272
8 Dec 2019,1.192,1.241
9 Dec 2019,1.193,1.215
10 Dec 2019,1.083,1.193
11 Dec 2019,1.105,1.171
12 Dec 2019,1.225,1.149
13 Dec 2019,1.051,1.160
14 Dec 2019,1.091,1.148
15 Dec 2019,1.089,1.134
16 Dec 2019,1.118,1.119
17 Dec 2019,1.161,1.109
18 Dec 2019,1.121,1.120
19 Dec 2019,1.147,1.122
20 Dec 2019,1.124,1.111
21 Dec 2019,1.129,1.122
22 Dec 2019,1.098,1.127
23 Dec 2019,0.975,1.128
24 Dec 2019,0.954,1.108
25 Dec 2019,1.014,1.078
26 Dec 2019,1.028,1.063
27 Dec 2019,0.982,1.046
28 Dec 2019,1.032,1.026
29 Dec 2019,1.088,1.012
30 Dec 2019,1.069,1.010
31 Dec 2019,1.014,1.024
1 Jan 2020,0.894,1.032
2 Jan 2020,0.933,1.015
3 Jan 2020,0.982,1.002
4 Jan 2020,1.011,1.002
5 Jan 2020,0.973,0.999
6 Jan 2020,0.997,0.982
7 Jan 2020,0.976,0.972
8 Jan 2020,0.953,0.967
9 Jan 2020,1.038,0.975
10 Jan 2020,1.054,0.990
11 Jan 2020,1.056,1.000
12 Jan 2020,1.040,1.007
13 Jan 2020,1.054,1.016
14 Jan 2020,1.002,1.025
15 Jan 2020,0.989,1.028
16 Jan 2020,0.998,1.033
17 Jan 2020,0.971,1.028
18 Jan 2020,0.978,1.016
19 Jan 2020,1.003,1.004
20 Jan 2020,0.951,0.999
21 Jan 2020,1.010,0.984
22 Jan 2020,0.959,0.986
23 Jan 2020,0.919,0.981
24 Jan 2020,0.949,0.970
25 Jan 2020,0.957,0.967
26 Jan 2020,0.941,0.964
27 Jan 2020,0.962,0.955
28 Jan 2020,0.967,0.957
29 Jan 2020,0.922,0.951
30 Jan 2020,0.882,0.946
31 Jan 2020,0.901,0.940
1 Feb 2020,0.887,0.933
2 Feb 2020,0.886,0.923
3 Feb 2020,0.861,0.915
4 Feb 2020,0.860,0.901
5 Feb 2020,0.825,0.886
6 Feb 2020,0.790,0.872
7 Feb 2020,0.776,0.859
8 Feb 2020,0.754,0.841
9 Feb 2020,0.765,0.822
10 Feb 2020,0.769,0.805
11 Feb 2020,0.741,0.791
12 Feb 2020,0.719,0.774
13 Feb 2020,0.729,0.759
14 Feb 2020,0.750,0.750
15 Feb 2020,0.753,0.747
16 Feb 2020,0.757,0.747
17 Feb 2020,0.790,0.746
18 Feb 2020,0.828,0.748
19 Feb 2020,0.895,0.761
20 Feb 2020,0.841,0.786
21 Feb 2020,0.852,0.802
22 Feb 2020,0.864,0.817
23 Feb 2020,0.855,0.832
24 Feb 2020,0.855,0.846
25 Feb 2020,0.846,0.856
26 Feb 2020,0.874,0.858
27 Feb 2020,0.861,0.855
28 Feb 2020,0.831,0.858
29 Feb 2020,0.812,0.855
1 Mar 2020,0.843,0.848
2 Mar 2020,0.856,0.846
3 Mar 2020,0.923,0.846
4 Mar 2020,0.876,0.857
5 Mar 2020,0.896,0.858
6 Mar 2020,0.804,0.862
7 Mar 2020,0.798,0.859
8 Mar 2020,0.766,0.857
9 Mar 2020,0.794,0.846
10 Mar 2020,0.846,0.837
11 Mar 2020,0.837,0.826
12 Mar 2020,0.815,0.820
13 Mar 2020,0.844,0.809
14 Mar 2020,0.808,0.814
15 Mar 2020,0.842,0.816
16 Mar 2020,0.775,0.827
17 Mar 2020,0.833,0.824
18 Mar 2020,0.849,0.822
19 Mar 2020,0.843,0.824
20 Mar 2020,0.745,0.828
21 Mar 2020,0.758,0.814
22 Mar 2020,0.779,0.806
23 Mar 2020,0.726,0.797
24 Mar 2020,0.727,0.790
25 Mar 2020,0.777,0.775
26 Mar 2020,0.679,0.765
27 Mar 2020,0.668,0.742
28 Mar 2020,0.640,0.731
29 Mar 2020,0.683,0.714
30 Mar 2020,0.690,0.700
31 Mar 2020,0.607,0.695
1 Apr 2020,0.596,0.678
2 Apr 2020,0.574,0.652
3 Apr 2020,0.546,0.637
4 Apr 2020,0.598,0.620
5 Apr 2020,0.572,0.614
6 Apr 2020,0.566,0.598
7 Apr 2020,0.580,0.580
8 Apr 2020,0.520,0.576
9 Apr 2020,0.519,0.565
10 Apr 2020,0.531,0.557
11 Apr 2020,0.516,0.555
12 Apr 2020,0.518,0.544
13 Apr 2020,0.553,0.536
14 Apr 2020,0.526,0.534
15 Apr 2020,0.468,0.526
16 Apr 2020,0.499,0.519
17 Apr 2020,0.470,0.516
18 Apr 2020,0.512,0.507
19 Apr 2020,0.475,0.507
20 Apr 2020,0.369,0.501
21 Apr 2020,0.318,0.474
22 Apr 2020,0.426,0.445
23 Apr 2020,0.411,0.439
24 Apr 2020,0.355,0.426
25 Apr 2020,0.396,0.359
26 Apr 2020,0.398,0.393
27 Apr 2020,0.429,0.382
28 Apr 2020,0.481,0.390
29 Apr 2020,0.450,0.414
30 Apr 2020,0.424,0.417
1 May 2020,0.472,0.419
2 May 2020,0.477,0.436
3 May 2020,0.484,0.447
4 May 2020,0.472,0.459
5 May 2020,0.479,0.466
6 May 2020,0.502,0.465
7 May 2020,0.483,0.473
8 May 2020,0.476,0.481
9 May 2020,0.472,0.482
10 May 2020,0.462,0.481
11 May 2020,0.457,0.478
12 May 2020,0.450,0.476
13 May 2020,0.445,0.472
14 May 2020,0.455,0.464
15 May 2020,0.435,0.459
16 May 2020,0.455,0.454
17 May 2020,0.447,0.451
18 May 2020,0.406,0.449
19 May 2020,0.398,0.442
20 May 2020,0.361,0.434
21 May 2020,0.321,0.422
22 May 2020,0.351,0.403
23 May 2020,0.378,0.391
24 May 2020,0.373,0.380
25 May 2020,0.414,0.370
26 May 2020,0.360,0.371
27 May 2020,0.318,0.366
28 May 2020,0.299,0.359
29 May 2020,0.326,0.356
30 May 2020,0.333,0.353
31 May 2020,0.336,0.346
1 Jun 2020,0.309,0.341
2 Jun 2020,0.403,0.326
3 Jun 2020,0.391,0.332
4 Jun 2020,0.452,0.342
5 Jun 2020,0.416,0.364
6 Jun 2020,0.424,0.377
7 Jun 2020,0.434,0.390
8 Jun 2020,0.452,0.404
9 Jun 2020,0.427,0.425
10 Jun 2020,0.421,0.428
11 Jun 2020,0.451,0.432
12 Jun 2020,0.480,0.432
13 Jun 2020,0.466,0.441
14 Jun 2020,0.467,0.447
15 Jun 2020,0.494,0.452
16 Jun 2020,0.488,0.458
17 Jun 2020,0.474,0.467
18 Jun 2020,0.500,0.474
19 Jun 2020,0.508,0.481
20 Jun 2020,0.470,0.485
21 Jun 2020,0.459,0.486
22 Jun 2020,0.459,0.485
23 Jun 2020,0.538,0.480
24 Jun 2020,0.515,0.487
25 Jun 2020,0.465,0.493
26 Jun 2020,0.482,0.488
27 Jun 2020,0.464,0.484
28 Jun 2020,0.470,0.483
29 Jun 2020,0.512,0.485
30 Jun 2020,0.559,0.492
1 Jul 2020,0.517,0.495
2 Jul 2020,0.489,0.496
3 Jul 2020,0.444,0.499
4 Jul 2020,0.455,0.494
5 Jul 2020,0.458,0.492
6 Jul 2020,0.498,0.491
7 Jul 2020,0.525,0.489
8 Jul 2020,0.498,0.484
9 Jul 2020,0.481,0.481
10 Jul 2020,0.436,0.480
11 Jul 2020,0.449,0.479
12 Jul 2020,0.419,0.478
13 Jul 2020,0.409,0.472
14 Jul 2020,0.410,0.459
15 Jul 2020,0.424,0.443
16 Jul 2020,0.411,0.433
17 Jul 2020,0.450,0.422
18 Jul 2020,0.437,0.425
19 Jul 2020,0.436,0.423
20 Jul 2020,0.427,0.425
21 Jul 2020,0.446,0.428
22 Jul 2020,0.427,0.433
23 Jul 2020,0.454,0.433
24 Jul 2020,0.447,0.440
25 Jul 2020,0.432,0.439
26 Jul 2020,0.432,0.438
27 Jul 2020,0.424,0.438
28 Jul 2020,0.446,0.437
29 Jul 2020,0.453,0.437
30 Jul 2020,0.449,0.441
31 Jul 2020,0.466,0.440
1 Aug 2020,0.453,0.443
2 Aug 2020,0.453,0.446
3 Aug 2020,0.544,0.449
4 Aug 2020,0.518,0.466
5 Aug 2020,0.557,0.476
6 Aug 2020,0.632,0.491
7 Aug 2020,0.681,0.518
8 Aug 2020,0.684,0.548
9 Aug 2020,0.680,0.581
10 Aug 2020,0.692,0.614
11 Aug 2020,0.668,0.635
12 Aug 2020,0.642,0.656
13 Aug 2020,0.678,0.668
14 Aug 2020,0.703,0.675
15 Aug 2020,0.720,0.678
16 Aug 2020,0.721,0.683
17 Aug 2020,0.697,0.689
18 Aug 2020,0.775,0.690
19 Aug 2020,0.741,0.705
20 Aug 2020,0.681,0.720
21 Aug 2020,0.639,0.720
22 Aug 2020,0.641,0.711
23 Aug 2020,0.670,0.699
24 Aug 2020,0.790,0.692
25 Aug 2020,0.830,0.705
26 Aug 2020,0.877,0.713
27 Aug 2020,0.869,0.733
28 Aug 2020,0.914,0.759
29 Aug 2020,0.935,0.799
30 Aug 2020,0.948,0.841
31 Aug 2020,0.969,0.880
1 Sep 2020,0.955,0.906
2 Sep 2020,0.921,0.924
3 Sep 2020,0.957,0.930
4 Sep 2020,1.044,0.943
5 Sep 2020,1.011,0.961
6 Sep 2020,1.027,0.972
7 Sep 2020,0.965,0.983
8 Sep 2020,0.946,0.983
9 Sep 2020,0.971,0.982
10 Sep 2020,0.939,0.989
11 Sep 2020,0.925,0.986
12 Sep 2020,0.873,0.969
13 Sep 2020,0.852,0.949
14 Sep 2020,0.969,0.924
15 Sep 2020,0.990,0.925
16 Sep 2020,0.981,0.931
17 Sep 2020,0.976,0.933
18 Sep 2020,0.976,0.938
19 Sep 2020,0.964,0.945
20 Sep 2020,1.006,0.958
21 Sep 2020,1.041,0.980
22 Sep 2020,1.068,0.991
23 Sep 2020,1.099,1.002
24 Sep 2020,1.087,1.019
25 Sep 2020,1.120,1.035
26 Sep 2020,1.107,1.055
27 Sep 2020,1.106,1.076
28 Sep 2020,1.226,1.090
29 Sep 2020,1.179,1.116
30 Sep 2020,1.200,1.132
1 Oct 2020,1.082,1.147
2 Oct 2020,1.124,1.146
3 Oct 2020,1.183,1.146
4 Oct 2020,1.190,1.157
5 Oct 2020,1.206,1.169
6 Oct 2020,1.212,1.166
7 Oct 2020,1.309,1.171
8 Oct 2020,1.340,1.186
9 Oct 2020,1.270,1.223
10 Oct 2020,1.256,1.244
11 Oct 2020,1.237,1.255
12 Oct 2020,1.291,1.261
13 Oct 2020,1.266,1.273
14 Oct 2020,1.305,1.281
15 Oct 2020,1.375,1.281
16 Oct 2020,1.382,1.286
17 Oct 2020,1.374,1.302
18 Oct 2020,1.372,1.319
19 Oct 2020,1.360,1.338
20 Oct 2020,1.361,1.348
21 Oct 2020,1.386,1.361
22 Oct 2020,1.398,1.373
23 Oct 2020,1.410,1.376
24 Oct 2020,1.411,1.380
25 Oct 2020,1.439,1.386
26 Oct 2020,1.333,1.395
27 Oct 2020,1.416,1.391
28 Oct 2020,1.339,1.399
29 Oct 2020,1.303,1.392
30 Oct 2020,1.166,1.379
31 Oct 2020,1.161,1.344
1 Nov 2020,1.134,1.308
2 Nov 2020,1.049,1.264
3 Nov 2020,1.312,1.224
4 Nov 2020,1.284,1.209
5 Nov 2020,1.297,1.201
6 Nov 2020,1.249,1.200
7 Nov 2020,1.306,1.212
8 Nov 2020,1.263,1.233
9 Nov 2020,1.292,1.251
10 Nov 2020,1.247,1.286
11 Nov 2020,1.270,1.277
12 Nov 2020,1.274,1.275
13 Nov 2020,1.317,1.271
14 Nov 2020,1.265,1.281
15 Nov 2020,1.260,1.275
16 Nov 2020,1.340,1.275
17 Nov 2020,1.202,1.282
18 Nov 2020,1.245,1.275
19 Nov 2020,1.253,1.272
20 Nov 2020,1.146,1.269
21 Nov 2020,1.190,1.245
22 Nov 2020,1.213,1.234
23 Nov 2020,1.306,1.227
24 Nov 2020,1.293,1.222
25 Nov 2020,1.348,1.235
26 Nov 2020,1.394,1.250
27 Nov 2020,1.463,1.270
28 Nov 2020,1.402,1.315
29 Nov 2020,1.351,1.346
30 Nov 2020,1.441,1.365
1 Dec 2020,1.476,1.385
2 Dec 2020,1.454,1.411
3 Dec 2020,1.401,1.426
4 Dec 2020,1.452,1.427
5 Dec 2020,1.412,1.425
6 Dec 2020,1.446,1.427
7 Dec 2020,1.415,1.440
8 Dec 2020,1.391,1.436
9 Dec 2020,1.391,1.424
10 Dec 2020,1.436,1.415
11 Dec 2020,1.484,1.420
12 Dec 2020,1.492,1.425
13 Dec 2020,1.503,1.436
14 Dec 2020,1.559,1.445
15 Dec 2020,1.564,1.465
16 Dec 2020,1.551,1.490
17 Dec 2020,1.510,1.513
18 Dec 2020,1.401,1.523
19 Dec 2020,1.421,1.511
20 Dec 2020,1.511,1.501
21 Dec 2020,1.601,1.502
22 Dec 2020,1.630,1.508
23 Dec 2020,1.474,1.518
24 Dec 2020,1.693,1.507
25 Dec 2020,1.732,1.533
26 Dec 2020,1.671,1.580
27 Dec 2020,1.735,1.616
28 Dec 2020,1.933,1.648
29 Dec 2020,1.956,1.695
30 Dec 2020,1.940,1.742
31 Dec 2020,1.963,1.808
1 Jan 2021,1.950,1.847
2 Jan 2021,1.958,1.878
3 Jan 2021,1.944,1.919
4 Jan 2021,2.039,1.949
5 Jan 2021,1.870,1.964
6 Jan 2021,1.853,1.952
7 Jan 2021,2.006,1.940
8 Jan 2021,2.142,1.946
9 Jan 2021,2.139,1.973
10 Jan 2021,2.088,1.999
11 Jan 2021,2.220,2.020
12 Jan 2021,2.643,2.045
13 Jan 2021,2.336,2.156
14 Jan 2021,2.112,2.225
15 Jan 2021,2.009,2.240
16 Jan 2021,1.914,2.221
17 Jan 2021,1.834,2.189
18 Jan 2021,1.835,2.153
19 Jan 2021,1.828,2.098
20 Jan 2021,1.955,1.981
21 Jan 2021,1.959,1.927
22 Jan 2021,2.052,1.905
23 Jan 2021,1.988,1.911
24 Jan 2021,2.103,1.921
25 Jan 2021,1.973,1.960
26 Jan 2021,1.907,1.979
27 Jan 2021,1.800,1.991
28 Jan 2021,1.907,1.969
29 Jan 2021,1.816,1.961
30 Jan 2021,1.782,1.927
31 Jan 2021,1.822,1.898
1 Feb 2021,1.712,1.858
2 Feb 2021,1.732,1.821
3 Feb 2021,1.587,1.796
4 Feb 2021,1.736,1.765
5 Feb 2021,1.737,1.741
6 Feb 2021,1.611,1.730
7 Feb 2021,1.748,1.705
8 Feb 2021,1.996,1.695
9 Feb 2021,1.903,1.735
10 Feb 2021,1.792,1.760
11 Feb 2021,1.605,1.789
12 Feb 2021,1.584,1.770
13 Feb 2021,1.655,1.748
14 Feb 2021,1.632,1.755
15 Feb 2021,1.435,1.738
16 Feb 2021,1.431,1.658
17 Feb 2021,1.443,1.591
18 Feb 2021,1.515,1.541
19 Feb 2021,1.491,1.528
20 Feb 2021,1.409,1.515
21 Feb 2021,1.429,1.480
22 Feb 2021,1.384,1.451
23 Feb 2021,1.407,1.443
24 Feb 2021,1.366,1.440
25 Feb 2021,1.382,1.429
26 Feb 2021,1.396,1.410
27 Feb 2021,1.410,1.396
28 Feb 2021,1.439,1.396
1 Mar 2021,1.512,1.398
2 Mar 2021,1.514,1.416
3 Mar 2021,1.550,1.431
4 Mar 2021,1.532,1.458
5 Mar 2021,1.538,1.479
6 Mar 2021,1.540,1.499
7 Mar 2021,1.566,1.518
8 Mar 2021,1.543,1.536
9 Mar 2021,1.488,1.540
10 Mar 2021,1.584,1.537
11 Mar 2021,1.592,1.541
12 Mar 2021,1.624,1.550
13 Mar 2021,1.625,1.562
14 Mar 2021,1.610,1.574
15 Mar 2021,1.512,1.581
16 Mar 2021,1.455,1.576
17 Mar 2021,1.575,1.572
18 Mar 2021,1.485,1.570
19 Mar 2021,1.468,1.555
20 Mar 2021,1.423,1.533
21 Mar 2021,1.498,1.504
22 Mar 2021,1.531,1.488
23 Mar 2021,1.514,1.490
24 Mar 2021,1.570,1.499
25 Mar 2021,1.545,1.498
26 Mar 2021,1.602,1.507
27 Mar 2021,1.642,1.526
28 Mar 2021,1.645,1.557
29 Mar 2021,1.536,1.578
30 Mar 2021,1.567,1.579
31 Mar 2021,1.589,1.587
1 Apr 2021,1.745,1.590
2 Apr 2021,1.693,1.618
3 Apr 2021,1.721,1.631
4 Apr 2021,1.603,1.642
5 Apr 2021,1.659,1.637
6 Apr 2021,1.834,1.654
7 Apr 2021,1.988,1.692
8 Apr 2021,1.758,1.749
9 Apr 2021,1.739,1.751
10 Apr 2021,1.789,1.758
11 Apr 2021,1.806,1.767
12 Apr 2021,1.949,1.796
13 Apr 2021,1.910,1.838
14 Apr 2021,1.883,1.849
15 Apr 2021,1.948,1.833
16 Apr 2021,1.902,1.861
17 Apr 2021,1.853,1.884
18 Apr 2021,1.884,1.893
19 Apr 2021,1.873,1.904
20 Apr 2021,1.915,1.893
21 Apr 2021,1.874,1.894
22 Apr 2021,1.889,1.893
23 Apr 2021,1.808,1.884
24 Apr 2021,1.761,1.871
25 Apr 2021,1.820,1.858
26 Apr 2021,1.831,1.849
27 Apr 2021,2.008,1.843
28 Apr 2021,2.026,1.856
29 Apr 2021,2.086,1.878
30 Apr 2021,2.201,1.906
1 May 2021,2.213,1.962
2 May 2021,2.177,2.026
3 May 2021,2.189,2.077
4 May 2021,2.223,2.128
5 May 2021,2.229,2.159
6 May 2021,2.374,2.188
7 May 2021,2.188,2.229
8 May 2021,2.303,2.227
9 May 2021,2.221,2.240
10 May 2021,2.196,2.247
11 May 2021,2.242,2.248
12 May 2021,2.277,2.250
13 May 2021,2.360,2.257
14 May 2021,2.426,2.255
15 May 2021,2.353,2.289
16 May 2021,2.317,2.296
17 May 2021,2.325,2.310
18 May 2021,2.177,2.329
19 May 2021,2.034,2.319
20 May 2021,2.188,2.285
21 May 2021,2.304,2.260
22 May 2021,2.271,2.242
23 May 2021,2.245,2.231
24 May 2021,2.217,2.220
25 May 2021,2.428,2.205
26 May 2021,2.426,2.241
27 May 2021,2.232,2.297
28 May 2021,2.165,2.303
29 May 2021,2.244,2.283
30 May 2021,2.220,2.280
31 May 2021,2.159,2.276
1 Jun 2021,2.187,2.268
2 Jun 2021,2.176,2.233
3 Jun 2021,2.246,2.198
4 Jun 2021,2.181,2.200
5 Jun 2021,2.130,2.202
6 Jun 2021,2.156,2.185
7 Jun 2021,2.182,2.176
8 Jun 2021,2.282,2.180
9 Jun 2021,2.315,2.193
10 Jun 2021,2.357,2.213
11 Jun 2021,2.335,2.229
12 Jun 2021,2.379,2.251
13 Jun 2021,2.359,2.286
14 Jun 2021,2.423,2.316
15 Jun 2021,2.350,2.350
16 Jun 2021,2.402,2.360
17 Jun 2021,2.406,2.372
18 Jun 2021,2.533,2.379
19 Jun 2021,2.566,2.407
20 Jun 2021,2.579,2.434
21 Jun 2021,2.575,2.466
22 Jun 2021,2.656,2.487
23 Jun 2021,2.764,2.531
24 Jun 2021,2.742,2.583
25 Jun 2021,2.850,2.631
26 Jun 2021,2.845,2.676
27 Jun 2021,2.759,2.716
28 Jun 2021,2.751,2.742
29 Jun 2021,2.850,2.767
30 Jun 2021,3.051,2.795
1 Jul 2021,3.161,2.836
2 Jul 2021,3.124,2.895
3 Jul 2021,3.018,2.935
4 Jul 2021,2.979,2.959
5 Jul 2021,3.151,2.991
6 Jul 2021,2.856,3.048
7 Jul 2021,2.817,3.049
8 Jul 2021,2.871,3.015
9 Jul 2021,3.086,2.974
10 Jul 2021,3.097,2.968
11 Jul 2021,3.039,2.979
12 Jul 2021,2.920,2.988
13 Jul 2021,3.000,2.955
14 Jul 2021,2.820,2.976
15 Jul 2021,2.826,2.976
16 Jul 2021,2.981,2.970
17 Jul 2021,2.988,2.955
18 Jul 2021,2.981,2.939
19 Jul 2021,3.059,2.931
20 Jul 2021,3.072,2.951
21 Jul 2021,3.082,2.961
22 Jul 2021,3.100,2.998
23 Jul 2021,3.025,3.037
24 Jul 2021,3.050,3.044
25 Jul 2021,3.089,3.053
26 Jul 2021,3.226,3.068
27 Jul 2021,3.338,3.092
28 Jul 2021,3.452,3.130
29 Jul 2021,3.575,3.183
30 Jul 2021,3.516,3.251
31 Jul 2021,3.498,3.321
1 Aug 2021,3.524,3.385
2 Aug 2021,3.645,3.447
3 Aug 2021,3.575,3.507
4 Aug 2021,3.656,3.541
5 Aug 2021,3.566,3.570
6 Aug 2021,3.588,3.569
7 Aug 2021,3.570,3.579
8 Aug 2021,3.589,3.589
9 Aug 2021,3.720,3.598
10 Aug 2021,3.742,3.609
11 Aug 2021,3.820,3.633
12 Aug 2021,3.742,3.656
13 Aug 2021,3.638,3.682
14 Aug 2021,3.733,3.689
15 Aug 2021,3.724,3.712
16 Aug 2021,3.870,3.731
17 Aug 2021,3.928,3.753
18 Aug 2021,3.838,3.779
19 Aug 2021,3.390,3.782
20 Aug 2021,3.545,3.732
21 Aug 2021,3.564,3.718
22 Aug 2021,3.573,3.694
23 Aug 2021,3.610,3.673
24 Aug 2021,3.790,3.635
25 Aug 2021,3.826,3.616
26 Aug 2021,3.864,3.614
27 Aug 2021,4.005,3.682
28 Aug 2021,3.997,3.747
29 Aug 2021,3.945,3.809
30 Aug 2021,4.105,3.862
31 Aug 2021,4.268,3.933
1 Sep 2021,4.305,4.002
2 Sep 2021,4.433,4.070
3 Sep 2021,4.439,4.151
4 Sep 2021,4.449,4.213
5 Sep 2021,4.356,4.278
6 Sep 2021,4.481,4.336
7 Sep 2021,4.533,4.390
8 Sep 2021,4.703,4.428
9 Sep 2021,4.820,4.485
10 Sep 2021,4.756,4.540
11 Sep 2021,4.762,4.585
12 Sep 2021,4.825,4.630
13 Sep 2021,5.170,4.697
14 Sep 2021,5.709,4.796
15 Sep 2021,5.292,4.964
16 Sep 2021,4.978,5.048
17 Sep 2021,5.403,5.070
18 Sep 2021,5.396,5.163
19 Sep 2021,5.382,5.253
20 Sep 2021,6.109,5.333
21 Sep 2021,6.037,5.467
22 Sep 2021,5.849,5.514
23 Sep 2021,5.749,5.593
24 Sep 2021,5.383,5.704
25 Sep 2021,5.032,5.701
26 Sep 2021,4.483,5.649
27 Sep 2021,5.105,5.520
28 Sep 2021,5.629,5.377
29 Sep 2021,5.931,5.319
30 Sep 2021,6.978,5.330
1 Oct 2021,6.475,5.506
2 Oct 2021,5.895,5.662
3 Oct 2021,6.309,5.785
4 Oct 2021,7.339,6.046
5 Oct 2021,8.994,6.365
6 Oct 2021,9.131,6.846
7 Oct 2021,8.165,7.303
8 Oct 2021,6.840,7.473
9 Oct 2021,7.170,7.525
10 Oct 2021,7.185,7.707
11 Oct 2021,7.081,7.832
12 Oct 2021,7.048,7.795
13 Oct 2021,7.312,7.517
14 Oct 2021,7.740,7.257
15 Oct 2021,7.112,7.197
16 Oct 2021,7.353,7.236
17 Oct 2021,7.112,7.262
18 Oct 2021,7.263,7.251
19 Oct 2021,6.942,7.277
20 Oct 2021,7.201,7.262
21 Oct 2021,7.180,7.246
22 Oct 2021,7.101,7.166
23 Oct 2021,7.249,7.164
24 Oct 2021,7.086,7.150
25 Oct 2021,6.990,7.146
26 Oct 2021,7.195,7.107
27 Oct 2021,6.818,7.143
28 Oct 2021,6.515,7.088
29 Oct 2021,5.421,6.993
30 Oct 2021,5.066,6.753
31 Oct 2021,5.068,6.442
1 Nov 2021,5.310,6.153
2 Nov 2021,5.701,5.913
3 Nov 2021,6.152,5.700
4 Nov 2021,6.170,5.605
5 Nov 2021,6.106,5.555
6 Nov 2021,5.684,5.653
7 Nov 2021,5.832,5.741
8 Nov 2021,6.259,5.851
9 Nov 2021,5.842,5.986
10 Nov 2021,5.591,6.006
11 Nov 2021,5.915,5.926
12 Nov 2021,5.976,5.890
13 Nov 2021,6.185,5.871
14 Nov 2021,6.103,5.943
15 Nov 2021,6.691,5.981
16 Nov 2021,7.215,6.043
17 Nov 2021,7.425,6.239
18 Nov 2021,7.466,6.501
19 Nov 2021,7.048,6.723
20 Nov 2021,6.769,6.876
21 Nov 2021,7.360,6.959
22 Nov 2021,7.290,7.139
23 Nov 2021,7.766,7.225
24 Nov 2021,7.825,7.303
25 Nov 2021,7.290,7.361
26 Nov 2021,7.447,7.335
27 Nov 2021,7.615,7.392
28 Nov 2021,7.753,7.513
29 Nov 2021,8.146,7.569
30 Nov 2021,7.655,7.692
1 Dec 2021,8.080,7.676
2 Dec 2021,8.008,7.712
3 Dec 2021,7.768,7.815
4 Dec 2021,7.322,7.861
5 Dec 2021,7.503,7.819
6 Dec 2021,7.711,7.783
7 Dec 2021,8.263,7.721
8 Dec 2021,8.750,7.808
9 Dec 2021,8.574,7.903
10 Dec 2021,8.823,7.984
11 Dec 2021,9.064,8.135
12 Dec 2021,8.769,8.384
13 Dec 2021,9.623,8.565
14 Dec 2021,10.088,8.838
15 Dec 2021,10.498,9.099
16 Dec 2021,11.398,9.348
17 Dec 2021,11.467,9.752
18 Dec 2021,11.644,10.130
19 Dec 2021,13.001,10.498
20 Dec 2021,13.047,11.103
21 Dec 2021,14.223,11.592
22 Dec 2021,14.504,12.183
23 Dec 2021,11.269,12.755
24 Dec 2021,7.273,12.737
25 Dec 2021,6.986,12.137
26 Dec 2021,6.906,11.472
27 Dec 2021,7.143,10.601
28 Dec 2021,7.458,9.758
29 Dec 2021,7.156,8.791
30 Dec 2021,6.441,7.742
31 Dec 2021,4.867,7.052
1 Jan 2022,1.522,6.708
2 Jan 2022,2.081,5.928
3 Jan 2022,5.338,5.238
4 Jan 2022,6.314,4.980
5 Jan 2022,7.636,4.817
6 Jan 2022,7.837,4.886
7 Jan 2022,6.857,5.085
8 Jan 2022,6.558,5.369
9 Jan 2022,7.047,6.089
10 Jan 2022,7.052,6.798
11 Jan 2022,6.589,7.053
12 Jan 2022,6.234,7.105
13 Jan 2022,6.469,6.904
14 Jan 2022,6.913,6.709
15 Jan 2022,7.346,6.717
16 Jan 2022,7.308,6.829
17 Jan 2022,6.919,6.867
18 Jan 2022,6.726,6.838
19 Jan 2022,6.071,6.845
20 Jan 2022,6.199,6.822
21 Jan 2022,6.361,6.783
22 Jan 2022,6.358,6.704
23 Jan 2022,6.464,6.563
24 Jan 2022,7.497,6.443
25 Jan 2022,7.628,6.525
26 Jan 2022,7.311,6.654
27 Jan 2022,7.452,6.831
28 Jan 2022,7.512,7.010
29 Jan 2022,7.531,7.175
30 Jan 2022,7.645,7.342
31 Jan 2022,7.108,7.511
1 Feb 2022,6.056,7.455
2 Feb 2022,5.900,7.231
3 Feb 2022,6.050,7.029
4 Feb 2022,6.318,6.829
5 Feb 2022,6.577,6.658
6 Feb 2022,6.387,6.522
7 Feb 2022,6.442,6.342
8 Feb 2022,6.258,6.247
9 Feb 2022,6.217,6.276
10 Feb 2022,6.091,6.321
11 Feb 2022,6.103,6.327
12 Feb 2022,6.231,6.296
13 Feb 2022,6.301,6.247
14 Feb 2022,6.393,6.235
15 Feb 2022,5.602,6.228
16 Feb 2022,5.518,6.134
17 Feb 2022,5.755,6.034
18 Feb 2022,5.918,5.986
19 Feb 2022,6.514,5.960
20 Feb 2022,6.171,6.000
21 Feb 2022,6.046,5.981
22 Feb 2022,6.130,5.932
23 Feb 2022,6.750,6.007
24 Feb 2022,8.771,6.183
25 Feb 2022,7.247,6.614
26 Feb 2022,8.021,6.804
27 Feb 2022,8.178,7.019
28 Feb 2022,8.389,7.306
1 Mar 2022,9.540,7.641
2 Mar 2022,12.420,8.128
3 Mar 2022,13.121,8.938
4 Mar 2022,14.641,9.560
5 Mar 2022,15.438,10.616
6 Mar 2022,15.528,11.675
7 Mar 2022,17.248,12.725
8 Mar 2022,17.112,13.991
9 Mar 2022,13.994,15.072
10 Mar 2022,11.083,15.297
11 Mar 2022,10.554,15.006
12 Mar 2022,8.805,14.422
13 Mar 2022,9.273,13.475
14 Mar 2022,8.717,12.581
15 Mar 2022,9.123,11.363
16 Mar 2022,8.593,10.221
17 Mar 2022,8.074,9.450
18 Mar 2022,7.702,9.020
19 Mar 2022,6.013,8.612
20 Mar 2022,7.346,8.214
21 Mar 2022,7.555,7.938
22 Mar 2022,7.416,7.772
23 Mar 2022,7.864,7.528
24 Mar 2022,8.499,7.424
25 Mar 2022,7.953,7.485
26 Mar 2022,6.956,7.521
27 Mar 2022,7.486,7.656
28 Mar 2022,8.104,7.676
29 Mar 2022,8.711,7.754
30 Mar 2022,9.297,7.939
31 Mar 2022,9.822,8.144
1 Apr 2022,9.716,8.333
2 Apr 2022,9.457,8.585
3 Apr 2022,8.238,8.942
4 Apr 2022,8.075,9.049
5 Apr 2022,7.820,9.045
6 Apr 2022,7.924,8.918
7 Apr 2022,7.949,8.722
8 Apr 2022,8.084,8.454
9 Apr 2022,8.312,8.221
10 Apr 2022,7.641,8.058
11 Apr 2022,7.204,7.972
12 Apr 2022,7.272,7.848
13 Apr 2022,6.816,7.770
14 Apr 2022,5.329,7.611
15 Apr 2022,6.177,7.237
16 Apr 2022,3.778,6.965
17 Apr 2022,2.930,6.317
18 Apr 2022,5.253,5.644
19 Apr 2022,5.576,5.365
20 Apr 2022,5.126,5.123
21 Apr 2022,4.848,4.881
22 Apr 2022,4.723,4.812
23 Apr 2022,5.876,4.605
24 Apr 2022,6.334,4.904
25 Apr 2022,4.883,5.391
26 Apr 2022,5.047,5.338
27 Apr 2022,4.832,5.262
28 Apr 2022,4.453,5.220
29 Apr 2022,3.754,5.164
30 Apr 2022,2.674,5.026
1 May 2022,3.513,4.568
2 May 2022,4.359,4.165
3 May 2022,4.431,4.090
4 May 2022,3.925,4.002
5 May 2022,3.842,3.873
6 May 2022,2.889,3.785
7 May 2022,4.684,3.662
8 May 2022,3.763,3.949
9 May 2022,2.045,3.985
10 May 2022,0.741,3.654
11 May 2022,1.385,3.127
12 May 2022,1.746,2.764
13 May 2022,2.144,2.465
14 May 2022,3.094,2.358
15 May 2022,2.911,2.131
16 May 2022,3.990,2.009
17 May 2022,3.421,2.287
18 May 2022,1.955,2.670
19 May 2022,2.764,2.752
20 May 2022,2.693,2.897
21 May 2022,3.353,2.975
22 May 2022,4.173,3.012
23 May 2022,4.401,3.193
24 May 2022,4.122,3.251
25 May 2022,3.515,3.352
26 May 2022,3.101,3.574
27 May 2022,4.496,3.623
28 May 2022,5.395,3.880
29 May 2022,5.275,4.172
30 May 2022,5.432,4.329
31 May 2022,5.022,4.477
1 Jun 2022,3.881,4.605
2 Jun 2022,3.985,4.657
3 Jun 2022,4.232,4.784
4 Jun 2022,4.268,4.746
5 Jun 2022,4.760,4.585
6 Jun 2022,4.768,4.511
7 Jun 2022,4.340,4.417
8 Jun 2022,3.563,4.319
9 Jun 2022,1.463,4.274
10 Jun 2022,0.430,3.913
11 Jun 2022,3.795,3.370
12 Jun 2022,4.776,3.303
13 Jun 2022,4.993,3.305
14 Jun 2022,5.546,3.337
15 Jun 2022,6.867,3.510
16 Jun 2022,5.102,3.982
17 Jun 2022,4.832,4.501
18 Jun 2022,5.741,5.130
19 Jun 2022,6.244,5.408
20 Jun 2022,5.872,5.618
21 Jun 2022,6.440,5.744
22 Jun 2022,6.581,5.871
23 Jun 2022,6.472,5.830
24 Jun 2022,5.655,6.026
25 Jun 2022,4.862,6.144
26 Jun 2022,4.090,6.018
27 Jun 2022,4.633,5.710
28 Jun 2022,5.419,5.533
29 Jun 2022,5.697,5.387
30 Jun 2022,5.511,5.261
1 Jul 2022,5.437,5.124
2 Jul 2022,5.779,5.093
3 Jul 2022,5.821,5.224
4 Jul 2022,6.927,5.471
5 Jul 2022,8.093,5.799
6 Jul 2022,6.455,6.181
7 Jul 2022,7.172,6.289
8 Jul 2022,7.013,6.526
9 Jul 2022,6.997,6.751
10 Jul 2022,7.306,6.926
11 Jul 2022,7.702,7.138
12 Jul 2022,8.504,7.248
13 Jul 2022,9.300,7.307
14 Jul 2022,7.717,7.713
15 Jul 2022,6.409,7.791
16 Jul 2022,5.555,7.705
17 Jul 2022,5.358,7.499
18 Jul 2022,6.230,7.221
19 Jul 2022,6.392,7.010
20 Jul 2022,7.351,6.709
21 Jul 2022,8.609,6.430
22 Jul 2022,9.635,6.558
23 Jul 2022,8.753,7.018
24 Jul 2022,7.614,7.475
25 Jul 2022,8.516,7.798
26 Jul 2022,10.473,8.124
27 Jul 2022,11.477,8.707
28 Jul 2022,11.430,9.297
29 Jul 2022,10.148,9.700
30 Jul 2022,9.138,9.773
31 Jul 2022,9.475,9.828
1 Aug 2022,9.623,10.094
2 Aug 2022,8.545,10.252
3 Aug 2022,9.799,9.977
4 Aug 2022,9.428,9.737
5 Aug 2022,9.648,9.451
6 Aug 2022,8.308,9.379
7 Aug 2022,9.114,9.261
8 Aug 2022,9.864,9.209
9 Aug 2022,9.755,9.244
10 Aug 2022,10.212,9.417
11 Aug 2022,10.529,9.476
12 Aug 2022,11.965,9.633
13 Aug 2022,12.330,9.964
14 Aug 2022,12.372,10.538
15 Aug 2022,12.630,11.004
16 Aug 2022,12.846,9.595
17 Aug 2022,13.035,11.841
18 Aug 2022,12.854,12.244
19 Aug 2022,12.627,12.576
20 Aug 2022,12.389,12.671
21 Aug 2022,13.355,12.679
22 Aug 2022,15.213,12.820
23 Aug 2022,15.800,13.189
24 Aug 2022,16.954,13.611
25 Aug 2022,17.897,14.170
26 Aug 2022,18.325,14.891
27 Aug 2022,17.762,15.705
28 Aug 2022,18.505,16.472
29 Aug 2022,19.389,17.208
30 Aug 2022,16.253,17.805
31 Aug 2022,12.039,17.869
1 Sep 2022,11.895,17.167
2 Sep 2022,9.750,16.310
3 Sep 2022,8.970,15.085
4 Sep 2022,9.963,13.829
5 Sep 2022,9.744,12.608
6 Sep 2022,7.148,11.230
7 Sep 2022,6.438,9.930
8 Sep 2022,9.962,9.130
9 Sep 2022,11.461,8.854
10 Sep 2022,12.126,9.098
11 Sep 2022,12.076,9.549
12 Sep 2022,11.527,9.851
13 Sep 2022,11.783,10.106
14 Sep 2022,12.707,10.768
15 Sep 2022,11.100,11.663
16 Sep 2022,8.804,11.826
17 Sep 2022,7.790,11.446
18 Sep 2022,8.505,10.827
19 Sep 2022,8.859,10.317
20 Sep 2022,8.980,9.936
21 Sep 2022,8.031,9.535
22 Sep 2022,8.865,8.867
23 Sep 2022,8.006,8.548
24 Sep 2022,8.059,8.434
25 Sep 2022,6.937,8.472
26 Sep 2022,6.139,8.248
27 Sep 2022,7.202,7.860
28 Sep 2022,7.470,7.606
29 Sep 2022,7.538,7.526
30 Sep 2022,6.897,7.336
1 Oct 2022,7.314,7.177
2 Oct 2022,8.153,7.071
3 Oct 2022,6.958,7.245
4 Oct 2022,4.469,7.362
5 Oct 2022,4.358,6.971
6 Oct 2022,5.284,6.527
7 Oct 2022,5.798,6.205
8 Oct 2022,5.011,6.048
9 Oct 2022,5.406,5.719
10 Oct 2022,5.590,5.326
11 Oct 2022,5.884,5.131
12 Oct 2022,6.133,5.333
13 Oct 2022,5.725,5.587
14 Oct 2022,4.288,5.650
15 Oct 2022,3.713,5.434
16 Oct 2022,3.323,5.248
17 Oct 2022,2.084,4.951
18 Oct 2022,0.825,4.450
19 Oct 2022,1.114,3.727
20 Oct 2022,2.758,3.010
21 Oct 2022,2.900,2.586
22 Oct 2022,1.536,2.388
23 Oct 2022,0.912,2.077
24 Oct 2022,1.247,1.733
25 Oct 2022,1.224,1.613
26 Oct 2022,1.514,1.670
27 Oct 2022,1.975,1.727
28 Oct 2022,2.178,1.616
29 Oct 2022,2.604,1.512
30 Oct 2022,3.262,1.665
31 Oct 2022,2.912,2.001
1 Nov 2022,1.862,2.239
2 Nov 2022,3.847,2.330
3 Nov 2022,4.587,2.663
4 Nov 2022,4.310,3.036
5 Nov 2022,3.639,3.341
6 Nov 2022,3.028,3.488
7 Nov 2022,2.691,3.455
8 Nov 2022,3.295,3.423
9 Nov 2022,3.358,3.558
10 Nov 2022,3.214,3.558
11 Nov 2022,3.105,3.362
12 Nov 2022,3.506,3.190
13 Nov 2022,3.896,3.171
14 Nov 2022,3.413,3.295
15 Nov 2022,3.682,3.398
16 Nov 2022,2.868,3.453
17 Nov 2022,2.861,3.384
18 Nov 2022,3.435,3.333
19 Nov 2022,2.576,3.380
20 Nov 2022,3.067,3.247
21 Nov 2022,3.466,3.129
22 Nov 2022,4.154,3.137
23 Nov 2022,4.361,3.204
24 Nov 2022,4.917,3.417
25 Nov 2022,5.207,3.711
26 Nov 2022,5.123,3.964
27 Nov 2022,6.405,4.328
28 Nov 2022,8.325,4.805
29 Nov 2022,11.102,5.499
30 Nov 2022,11.554,6.491
1 Dec 2022,11.912,7.519
2 Dec 2022,11.361,8.518
3 Dec 2022,11.125,9.397
4 Dec 2022,11.603,10.255
5 Dec 2022,11.525,10.998
6 Dec 2022,11.656,11.455
7 Dec 2022,12.660,11.534
8 Dec 2022,12.600,11.692
9 Dec 2022,12.593,11.790
10 Dec 2022,12.161,11.966
11 Dec 2022,13.077,12.114
12 Dec 2022,12.348,12.325
13 Dec 2022,12.112,12.442
14 Dec 2022,11.851,12.507
15 Dec 2022,11.554,12.392
16 Dec 2022,9.982,12.242
17 Dec 2022,9.630,11.869
18 Dec 2022,9.187,11.508
19 Dec 2022,8.393,10.952
20 Dec 2022,7.591,10.387
21 Dec 2022,7.553,9.741
22 Dec 2022,7.044,9.127
23 Dec 2022,6.107,8.483
24 Dec 2022,6.033,7.929
25 Dec 2022,5.705,7.416
26 Dec 2022,6.262,6.918
27 Dec 2022,6.463,6.614
28 Dec 2022,5.837,6.453
29 Dec 2022,5.710,6.207
30 Dec 2022,5.835,6.017
31 Dec 2022,5.909,5.978
1 Jan 2023,5.776,5.960
2 Jan 2023,5.998,5.970
3 Jan 2023,5.690,5.933
4 Jan 2023,5.075,5.822
5 Jan 2023,5.084,5.713
6 Jan 2023,5.178,5.624
7 Jan 2023,5.653,5.530
8 Jan 2023,5.858,5.493
9 Jan 2023,5.813,5.505
10 Jan 2023,5.621,5.479
11 Jan 2023,5.486,5.469
12 Jan 2023,5.665,5.528
13 Jan 2023,5.529,5.611
14 Jan 2023,5.477,5.661
15 Jan 2023,5.659,5.635
16 Jan 2023,5.296,5.607
17 Jan 2023,5.186,5.533
18 Jan 2023,5.302,5.471
19 Jan 2023,5.327,5.445
20 Jan 2023,5.473,5.396
21 Jan 2023,5.698,5.388
22 Jan 2023,6.157,5.420
23 Jan 2023,5.881,5.491
24 Jan 2023,5.144,5.575
25 Jan 2023,5.156,5.569
26 Jan 2023,4.991,5.548
27 Jan 2023,5.144,5.500
28 Jan 2023,4.863,5.453
29 Jan 2023,4.685,5.334
30 Jan 2023,4.819,5.123
31 Jan 2023,5.017,4.972
1 Feb 2023,5.265,4.954
2 Feb 2023,5.037,4.969
3 Feb 2023,5.111,4.976
4 Feb 2023,5.302,4.971
5 Feb 2023,5.540,5.034
6 Feb 2023,5.347,5.156
7 Feb 2023,4.965,5.231
8 Feb 2023,4.730,5.224
9 Feb 2023,4.650,5.147
10 Feb 2023,4.805,5.092
11 Feb 2023,4.658,5.048
12 Feb 2023,4.556,4.956
13 Feb 2023,4.483,4.816
14 Feb 2023,4.565,4.692
15 Feb 2023,4.671,4.635
16 Feb 2023,4.405,4.627
17 Feb 2023,4.114,4.592
18 Feb 2023,4.052,4.493
19 Feb 2023,4.028,4.407
20 Feb 2023,4.108,4.331
21 Feb 2023,4.346,4.278
22 Feb 2023,4.226,4.246
23 Feb 2023,4.458,4.183
24 Feb 2023,4.579,4.190
25 Feb 2023,4.445,4.257
26 Feb 2023,4.452,4.313
27 Feb 2023,4.258,4.374
28 Feb 2023,4.144,4.395
1 Mar 2023,4.251,4.366
2 Mar 2023,4.326,4.370
3 Mar 2023,4.222,4.351
4 Mar 2023,4.325,4.300
5 Mar 2023,4.330,4.283
6 Mar 2023,4.024,4.265
7 Mar 2023,4.145,4.232
8 Mar 2023,4.082,4.232
9 Mar 2023,4.001,4.208
10 Mar 2023,4.408,4.161
11 Mar 2023,4.583,4.188
12 Mar 2023,4.364,4.225
13 Mar 2023,4.259,4.230
14 Mar 2023,3.913,4.263
15 Mar 2023,3.868,4.230
16 Mar 2023,3.670,4.199
17 Mar 2023,3.556,4.152
18 Mar 2023,3.518,4.030
19 Mar 2023,3.535,3.878
20 Mar 2023,3.364,3.760
21 Mar 2023,3.267,3.632
22 Mar 2023,3.236,3.540
23 Mar 2023,3.455,3.449
24 Mar 2023,3.552,3.419
25 Mar 2023,3.603,3.418
26 Mar 2023,3.681,3.430
27 Mar 2023,3.437,3.451
28 Mar 2023,3.608,3.462
29 Mar 2023,3.578,3.510
30 Mar 2023,3.520,3.559
31 Mar 2023,3.872,3.568
1 Apr 2023,3.954,3.614
2 Apr 2023,3.933,3.664
3 Apr 2023,4.033,3.700
4 Apr 2023,3.861,3.785
5 Apr 2023,3.852,3.821
6 Apr 2023,3.422,3.861
7 Apr 2023,3.484,3.847
8 Apr 2023,3.425,3.791
9 Apr 2023,3.421,3.716
10 Apr 2023,3.277,3.642
11 Apr 2023,3.414,3.535
12 Apr 2023,3.513,3.471
13 Apr 2023,3.419,3.422
14 Apr 2023,3.419,3.422
15 Apr 2023,3.335,3.413
16 Apr 2023,3.426,3.400
17 Apr 2023,3.414,3.400
18 Apr 2023,3.417,3.420
19 Apr 2023,3.111,3.420
20 Apr 2023,3.271,3.363
21 Apr 2023,3.342,3.342
22 Apr 2023,3.370,3.331
23 Apr 2023,3.390,3.336
24 Apr 2023,3.306,3.331
25 Apr 2023,3.282,3.315
26 Apr 2023,3.161,3.296
27 Apr 2023,3.199,3.303
28 Apr 2023,3.100,3.293
29 Apr 2023,3.043,3.258
30 Apr 2023,2.956,3.212
1 May 2023,3.049,3.150
2 May 2023,3.045,3.113
3 May 2023,2.899,3.079
4 May 2023,2.828,3.042
5 May 2023,2.846,2.989
6 May 2023,3.024,2.952
7 May 2023,2.915,2.950
8 May 2023,3.011,2.944
9 May 2023,3.007,2.938
10 May 2023,2.851,2.933
11 May 2023,2.831,2.926
12 May 2023,2.703,2.927
13 May 2023,2.706,2.906
14 May 2023,2.657,2.861
15 May 2023,2.480,2.824
16 May 2023,2.512,2.748
17 May 2023,2.436,2.677
18 May 2023,2.263,2.618
19 May 2023,2.183,2.537
20 May 2023,2.281,2.463
21 May 2023,2.200,2.402
22 May 2023,2.201,2.337
23 May 2023,2.295,2.297
24 May 2023,2.256,2.266
25 May 2023,2.102,2.240
26 May 2023,1.989,2.217
27 May 2023,2.134,2.189
28 May 2023,2.091,2.168
29 May 2023,2.094,2.153
30 May 2023,2.076,2.137
31 May 2023,2.166,2.106
1 Jun 2023,2.040,2.093
2 Jun 2023,1.944,2.084
3 Jun 2023,1.923,2.078
4 Jun 2023,2.009,2.048
5 Jun 2023,2.304,2.036
6 Jun 2023,2.280,2.066
7 Jun 2023,2.232,2.095
8 Jun 2023,2.217,2.105
9 Jun 2023,2.599,2.130
10 Jun 2023,2.774,2.224
11 Jun 2023,2.877,2.345
12 Jun 2023,2.773,2.469
13 Jun 2023,2.878,2.536
14 Jun 2023,3.226,2.621
15 Jun 2023,3.506,2.763
16 Jun 2023,2.959,2.948
17 Jun 2023,2.945,2.999
18 Jun 2023,2.912,3.023
19 Jun 2023,2.927,3.028
20 Jun 2023,3.260,3.050
21 Jun 2023,3.258,3.105
22 Jun 2023,2.992,3.110
23 Jun 2023,2.846,3.036
24 Jun 2023,2.950,3.020
25 Jun 2023,2.994,3.021
26 Jun 2023,2.926,3.032
27 Jun 2023,2.917,3.032
28 Jun 2023,2.898,2.983
29 Jun 2023,2.879,2.932
30 Jun 2023,3.005,2.916
1 Jul 2023,3.251,2.938
2 Jul 2023,3.273,2.981
3 Jul 2023,3.071,3.021
4 Jul 2023,2.929,3.042
5 Jul 2023,2.875,3.044
6 Jul 2023,2.646,3.040
7 Jul 2023,2.722,3.007
8 Jul 2023,2.766,2.967
9 Jul 2023,2.794,2.898
10 Jul 2023,2.614,2.829
11 Jul 2023,2.493,2.764
12 Jul 2023,2.273,2.702
13 Jul 2023,2.188,2.616
14 Jul 2023,2.179,2.550
15 Jul 2023,2.018,2.472
16 Jul 2023,1.974,2.366
17 Jul 2023,2.030,2.248
18 Jul 2023,2.273,2.165
19 Jul 2023,2.312,2.133
20 Jul 2023,2.382,2.139
21 Jul 2023,2.435,2.167
22 Jul 2023,2.386,2.203
23 Jul 2023,2.296,2.256
24 Jul 2023,2.448,2.302
25 Jul 2023,2.731,2.361
26 Jul 2023,2.521,2.427
27 Jul 2023,2.380,2.457
28 Jul 2023,2.185,2.457
29 Jul 2023,2.057,2.421
30 Jul 2023,2.045,2.374
31 Jul 2023,2.105,2.338
1 Aug 2023,2.266,2.289
2 Aug 2023,2.329,2.223
3 Aug 2023,2.556,2.196
4 Aug 2023,2.486,2.221
5 Aug 2023,2.420,2.264
6 Aug 2023,2.401,2.315
7 Aug 2023,2.403,2.366
8 Aug 2023,2.453,2.409
9 Aug 2023,2.985,2.435
10 Aug 2023,2.946,2.529
11 Aug 2023,2.789,2.585
12 Aug 2023,2.795,2.628
13 Aug 2023,2.908,2.682
14 Aug 2023,2.816,2.754
15 Aug 2023,3.061,2.813
16 Aug 2023,3.019,2.900
17 Aug 2023,2.887,2.905
18 Aug 2023,2.917,2.896
19 Aug 2023,3.070,2.915
20 Aug 2023,3.307,2.954
21 Aug 2023,3.335,3.011
22 Aug 2023,3.600,3.085
23 Aug 2023,3.280,3.162
24 Aug 2023,2.866,3.200
25 Aug 2023,2.889,3.196
26 Aug 2023,2.972,3.192
27 Aug 2023,2.920,3.178
28 Aug 2023,3.179,3.123
29 Aug 2023,3.124,3.101
30 Aug 2023,3.079,3.033
31 Aug 2023,2.944,3.004
1 Sep 2023,3.016,3.015
2 Sep 2023,3.069,3.033
3 Sep 2023,3.049,3.047
4 Sep 2023,2.820,3.066
5 Sep 2023,2.761,3.014
6 Sep 2023,2.687,2.963
7 Sep 2023,2.680,2.906
8 Sep 2023,2.840,2.869
9 Sep 2023,3.092,2.844
10 Sep 2023,3.156,2.847
11 Sep 2023,3.186,2.862
12 Sep 2023,3.015,2.915
13 Sep 2023,3.162,2.951
14 Sep 2023,3.158,3.019
15 Sep 2023,3.173,3.087
16 Sep 2023,3.250,3.135
17 Sep 2023,3.222,3.157
18 Sep 2023,3.038,3.167
19 Sep 2023,3.198,3.146
20 Sep 2023,3.203,3.172
21 Sep 2023,3.324,3.177
22 Sep 2023,3.491,3.201
23 Sep 2023,3.476,3.247
24 Sep 2023,3.471,3.279
25 Sep 2023,3.576,3.314
26 Sep 2023,3.376,3.391
27 Sep 2023,3.480,3.417
28 Sep 2023,3.476,3.456
29 Sep 2023,3.363,3.478
30 Sep 2023,3.364,3.460
1 Oct 2023,3.346,3.444
2 Oct 2023,2.977,3.426
3 Oct 2023,2.535,3.340
4 Oct 2023,2.582,3.220
5 Oct 2023,2.302,3.092
6 Oct 2023,2.703,2.924
7 Oct 2023,2.866,2.830
8 Oct 2023,2.987,2.759
9 Oct 2023,3.112,2.707
10 Oct 2023,3.696,2.727
11 Oct 2023,3.881,2.893
12 Oct 2023,4.161,3.078
13 Oct 2023,4.550,3.344
14 Oct 2023,4.515,3.608
15 Oct 2023,4.568,3.843
16 Oct 2023,4.243,4.069
17 Oct 2023,3.643,4.231
18 Oct 2023,3.747,4.223
19 Oct 2023,3.579,4.204
20 Oct 2023,3.760,4.121
21 Oct 2023,3.914,4.008
22 Oct 2023,4.066,3.922
23 Oct 2023,4.194,3.850
24 Oct 2023,4.093,3.843
25 Oct 2023,4.142,3.908
26 Oct 2023,4.092,3.964
27 Oct 2023,4.113,4.037
28 Oct 2023,4.345,4.088
29 Oct 2023,4.369,4.149
30 Oct 2023,4.346,4.192
31 Oct 2023,3.912,4.214
1 Nov 2023,3.230,4.188
2 Nov 2023,3.410,4.058
3 Nov 2023,3.464,3.961
4 Nov 2023,3.695,3.868
5 Nov 2023,3.563,3.775
6 Nov 2023,3.526,3.151
7 Nov 2023,3.562,3.034
8 Nov 2023,3.583,2.984
9 Nov 2023,3.568,3.034
10 Nov 2023,3.573,3.057
11 Nov 2023,3.530,3.072
12 Nov 2023,3.353,3.049
13 Nov 2023,3.267,3.528
14 Nov 2023,3.391,3.491
15 Nov 2023,3.617,3.466
16 Nov 2023,3.595,3.471
17 Nov 2023,3.569,3.475
18 Nov 2023,3.560,3.475
19 Nov 2023,3.600,3.479
20 Nov 2023,3.792,3.514
21 Nov 2023,3.856,3.589
22 Nov 2023,3.869,3.656
23 Nov 2023,4.051,3.692
24 Nov 2023,4.166,3.757
25 Nov 2023,4.150,3.842
26 Nov 2023,4.159,3.926
27 Nov 2023,3.993,3.412
28 Nov 2023,3.845,3.441
29 Nov 2023,3.629,3.439
30 Nov 2023,3.702,3.405
1 Dec 2023,3.711,3.355
2 Dec 2023,3.856,3.290
3 Dec 2023,3.602,3.248
4 Dec 2023,3.456,3.763
5 Dec 2023,3.314,3.686
6 Dec 2023,3.320,3.610
7 Dec 2023,3.401,3.566
8 Dec 2023,3.273,3.523
9 Dec 2023,3.188,3.460
10 Dec 2023,3.211,3.365
11 Dec 2023,3.076,3.309
12 Dec 2023,2.923,3.255
13 Dec 2023,2.888,3.199
14 Dec 2023,2.831,3.137
15 Dec 2023,2.684,3.056
16 Dec 2023,2.530,2.972
17 Dec 2023,2.584,2.878
18 Dec 2023,2.642,2.788
19 Dec 2023,2.543,2.726
20 Dec 2023,2.487,2.672
21 Dec 2023,2.509,2.614
22 Dec 2023,2.623,2.568
23 Dec 2023,2.678,2.560
24 Dec 2023,2.534,2.581
25 Dec 2023,2.562,2.573
26 Dec 2023,2.706,2.562
27 Dec 2023,2.693,2.585
28 Dec 2023,2.711,2.615
29 Dec 2023,2.679,2.644
30 Dec 2023,2.607,2.652
31 Dec 2023,2.555,2.642
1 Jan 2024,2.422,2.645
2 Jan 2024,2.413,2.625
3 Jan 2024,2.672,2.583
4 Jan 2024,2.929,2.580
5 Jan 2024,2.971,2.611
6 Jan 2024,2.913,2.653
7 Jan 2024,3.024,2.696
8 Jan 2024,2.879,2.763
9 Jan 2024,2.687,2.829
10 Jan 2024,2.775,2.868
11 Jan 2024,2.704,2.883
12 Jan 2024,2.878,2.850
13 Jan 2024,2.686,2.837
14 Jan 2024,2.678,2.805
15 Jan 2024,2.637,2.755
16 Jan 2024,2.560,2.721
17 Jan 2024,2.420,2.702
18 Jan 2024,2.419,2.652
19 Jan 2024,2.389,2.611
20 Jan 2024,2.403,2.541
21 Jan 2024,2.328,2.501
22 Jan 2024,2.293,2.451
23 Jan 2024,2.265,2.402
24 Jan 2024,2.323,2.359
25 Jan 2024,2.373,2.346
26 Jan 2024,2.323,2.339
27 Jan 2024,2.497,2.330
28 Jan 2024,2.466,2.343
29 Jan 2024,2.400,2.363
30 Jan 2024,2.443,2.378
31 Jan 2024,2.504,2.403
1 Feb 2024,2.455,2.429
2 Feb 2024,2.375,2.441
3 Feb 2024,2.378,2.449
4 Feb 2024,2.475,2.432
5 Feb 2024,2.439,2.433
6 Feb 2024,2.455,2.439
7 Feb 2024,2.440,2.440
8 Feb 2024,2.396,2.431
9 Feb 2024,2.255,2.423
10 Feb 2024,2.153,2.406
11 Feb 2024,2.125,2.373
12 Feb 2024,2.149,2.323
13 Feb 2024,2.175,2.282
14 Feb 2024,2.023,2.242
15 Feb 2024,2.025,2.182
16 Feb 2024,2.031,2.129
17 Feb 2024,1.940,2.097
18 Feb 2024,1.877,2.067
19 Feb 2024,1.902,2.031
20 Feb 2024,1.964,1.996
21 Feb 2024,2.004,1.966
22 Feb 2024,1.974,1.963
23 Feb 2024,1.968,1.956
24 Feb 2024,1.950,1.947
25 Feb 2024,1.910,1.948
26 Feb 2024,2.025,1.953
27 Feb 2024,2.102,1.971
28 Feb 2024,2.179,1.991
29 Feb 2024,2.181,2.016
1 Mar 2024,2.278,2.045
2 Mar 2024,2.204,2.089
3 Mar 2024,2.247,2.126
4 Mar 2024,2.301,2.174
5 Mar 2024,2.442,2.213
6 Mar 2024,2.327,2.262
7 Mar 2024,2.328,2.283
8 Mar 2024,2.345,2.304
9 Mar 2024,2.349,2.313
10 Mar 2024,2.370,2.334
11 Mar 2024,2.349,2.352
12 Mar 2024,2.193,2.358
13 Mar 2024,2.137,2.323
14 Mar 2024,2.185,2.296
15 Mar 2024,2.261,2.275
16 Mar 2024,2.436,2.263
17 Mar 2024,2.399,2.276
18 Mar 2024,2.494,2.280
19 Mar 2024,2.532,2.301
20 Mar 2024,2.429,2.349
21 Mar 2024,2.325,2.391
22 Mar 2024,2.373,2.411
23 Mar 2024,2.322,2.427
24 Mar 2024,2.373,2.411
25 Mar 2024,2.451,2.407
26 Mar 2024,2.382,2.401
27 Mar 2024,2.362,2.379
28 Mar 2024,2.308,2.370
29 Mar 2024,2.326,2.367
30 Mar 2024,2.239,2.361
31 Mar 2024,2.264,2.349
1 Apr 2024,2.340,2.333
2 Apr 2024,2.274,2.317
3 Apr 2024,2.147,2.302
4 Apr 2024,2.133,2.271
5 Apr 2024,2.167,2.246
6 Apr 2024,2.196,2.223
7 Apr 2024,2.236,2.217
8 Apr 2024,2.286,2.213
9 Apr 2024,2.248,2.206
10 Apr 2024,2.308,2.202
11 Apr 2024,2.394,2.225
12 Apr 2024,2.435,2.262
13 Apr 2024,2.516,2.300
14 Apr 2024,2.725,2.346
15 Apr 2024,2.629,2.416
16 Apr 2024,2.783,2.465
17 Apr 2024,2.757,2.542
18 Apr 2024,2.729,2.606
19 Apr 2024,2.630,2.654
20 Apr 2024,2.507,2.681
21 Apr 2024,2.562,2.680
22 Apr 2024,2.581,2.657
23 Apr 2024,2.439,2.650
24 Apr 2024,2.506,2.601
25 Apr 2024,2.606,2.565
26 Apr 2024,2.545,2.547
27 Apr 2024,2.700,2.535
28 Apr 2024,2.623,2.563
29 Apr 2024,2.513,2.571
30 Apr 2024,2.470,2.562
1 May 2024,2.404,2.566
2 May 2024,2.553,2.552
3 May 2024,2.569,2.544
4 May 2024,2.574,2.547
5 May 2024,2.559,2.529
6 May 2024,2.696,2.520
7 May 2024,2.620,2.546
8 May 2024,2.568,2.568
9 May 2024,2.553,2.591
10 May 2024,2.475,2.591
11 May 2024,2.450,2.578
12 May 2024,2.382,2.560
13 May 2024,2.321,2.535
14 May 2024,2.467,2.481
15 May 2024,2.481,2.459
16 May 2024,2.454,2.447
17 May 2024,2.509,2.433
18 May 2024,2.589,2.438
19 May 2024,2.566,2.457
20 May 2024,2.623,2.484
21 May 2024,2.671,2.527
22 May 2024,2.789,2.556
23 May 2024,2.969,2.600
24 May 2024,2.924,2.674
25 May 2024,2.865,2.733
26 May 2024,2.838,2.773
27 May 2024,2.878,2.811
28 May 2024,2.829,2.848
29 May 2024,2.828,2.870
30 May 2024,2.868,2.876
31 May 2024,2.891,2.861
1 Jun 2024,2.885,2.857
2 Jun 2024,2.915,2.860
3 Jun 2024,2.969,2.871
4 Jun 2024,2.827,2.884
5 Jun 2024,2.771,2.883
6 Jun 2024,2.737,2.875
7 Jun 2024,2.757,2.857
8 Jun 2024,2.776,2.837
9 Jun 2024,2.775,2.822
10 Jun 2024,2.769,2.802
11 Jun 2024,2.800,2.773
12 Jun 2024,2.854,2.769
13 Jun 2024,2.933,2.781
14 Jun 2024,2.880,2.809
15 Jun 2024,2.873,2.827
16 Jun 2024,2.857,2.840
17 Jun 2024,2.817,2.852
18 Jun 2024,2.816,2.859
19 Jun 2024,2.827,2.861
20 Jun 2024,2.821,2.857
21 Jun 2024,2.804,2.842
22 Jun 2024,2.805,2.831
23 Jun 2024,2.826,2.821
24 Jun 2024,2.809,2.817
25 Jun 2024,2.804,2.815
26 Jun 2024,2.780,2.814
27 Jun 2024,2.732,2.807
28 Jun 2024,2.735,2.794
29 Jun 2024,2.790,2.394
30 Jun 2024,2.806,2.392
